airport,city,country,iata
"Aalborg Airport",Aalborg,Denmark,AAL
"Aarhus Airport",Aarhus,Denmark,AAR
"Lehigh Valley International Airport",Allentown,"United States",ABE
"Abilene Regional Airport",Abilene,"United States",ABI
"Felix-Houphouet-Boigny International Airport",Abidjan,"Ivory Coast",ABJ
"Albuquerque International Sunport",Albuquerque,"United States",ABQ
"Aberdeen Regional Airport",Aberdeen,"United States",ABR
"Nnamdi Azikiwe International Airport",Abuja,Nigeria,ABV
"Albury Airport",Albury,Australia,ABX
"Southwest Georgia Regional Airport",Albany,"United States",ABY
"Aberdeen International Airport",Aberdeen,"United Kingdom",ABZ
"General Juan N. Alvarez International Airport",Acapulco,Mexico,ACA
"Kotoka International Airport",Accra,Ghana,ACC
"Lanzarote Airport",Arrecife,Spain,ACE
"Nantucket Memorial Airport",Nantucket,"United States",ACK
"Waco Regional Airport",Waco,"United States",ACT
"Arcata-Eureka Airport",Arcata,"United States",ACV
"Atlantic City International Airport","Atlantic City","United States",ACY
"Adana Sakirpasa Airport",Adana,Turkey,ADA
"Adnan Menderes Airport",Izmir,Turkey,ADB
"Addis Ababa Bole International Airport","Addis Ababa",Ethiopia,ADD
"Adak Airport",Adak,"United States",ADK
"Adelaide Airport",Adelaide,Australia,ADL
"Kodiak Airport",Kodiak,"United States",ADQ
"Gustavo Rojas Pinilla International Airport","San Andres",Colombia,ADZ
"Aeroparque Jorge Newbery","Buenos Aires",Argentina,AEP
"Sochi International Airport",Sochi,Russia,AER
"Alesund Airport",Alesund,Norway,AES
"Alexandria International Airport",Alexandria,"United States",AEX
"Akureyri Airport",Akureyri,Iceland,AEY
"Agadir Al Massira Airport",Agadir,Morocco,AGA
"Malaga-Costa del Sol Airport",Malaga,Spain,AGP
"Augusta Regional Airport",Augusta,"United States",AGS
"Aguascalientes International Airport",Aguascalientes,Mexico,AGU
"Abha International Airport",Abha,"Saudi Arabia",AHB
"Alghero-Fertilia Airport",Alghero,Italy,AHO
"Ajaccio Napoleon Bonaparte Airport",Ajaccio,France,AJA
"Al-Jouf Domestic Airport",Al-Jouf,"Saudi Arabia",AJF
"Santa Maria Airport",Aracaju,Brazil,AJU
"Asahikawa Airport",Asahikawa,Japan,AKJ
"Auckland Airport",Auckland,"New Zealand",AKL
"King Salmon Airport","King Salmon","United States",AKN
"Aktobe Airport",Aktobe,Kazakhstan,AKX
"Almaty International Airport",Almaty,Kazakhstan,ALA
"Albany International Airport",Albany,"United States",ALB
"Alicante-Elche Airport",Alicante,Spain,ALC
"Houari Boumediene Airport",Algiers,Algeria,ALG
"Waterloo Regional Airport",Waterloo,"United States",ALO
"Walla Walla Regional Airport","Walla Walla","United States",ALW
"Borg el Arab Airport",Alexandria,Egypt,ALY
"Rick Husband Amarillo International Airport",Amarillo,"United States",AMA
"Sardar Vallabhbhai Patel International Airport",Ahmedabad,India,AMD
"Queen Alia International Airport",Amman,Jordan,AMM
"Pattimura Airport",Ambon,Indonesia,AMQ
"Amsterdam Airport Schiphol",Amsterdam,Netherlands,AMS
"Ted Stevens Anchorage International Airport",Anchorage,"United States",ANC
"Cerro Moreno International Airport",Antofagasta,Chile,ANF
"Antwerp International Airport",Antwerp,Belgium,ANR
"V.C. Bird International Airport","St. John's","Antigua and Barbuda",ANU
"Ancona Falconara Airport",Ancona,Italy,AOI
"Aomori Airport",Aomori,Japan,AOJ
"Alpena County Regional Airport",Alpena,"United States",APN
"Faleolo International Airport",Apia,Samoa,APW
"King Hussein International Airport",Aqaba,Jordan,AQJ
"Rodriguez Ballon International Airport",Arequipa,Peru,AQP
"Chacalluta International Airport",Arica,Chile,ARI
"Armidale Airport",Armidale,Australia,ARM
"Stockholm Arlanda Airport",Stockholm,Sweden,ARN
"Watertown International Airport",Watertown,"United States",ART
"Ashgabat International Airport",Ashgabat,Turkmenistan,ASB
"Aspen/Pitkin County Airport",Aspen,"United States",ASE
"Asmara International Airport",Asmara,Eritrea,ASM
"Alice Springs Airport","Alice Springs",Australia,ASP
"Erkilet International Airport",Kayseri,Turkey,ASR
"Silvio Pettirossi International Airport",Asuncion,Paraguay,ASU
"Aswan International Airport",Aswan,Egypt,ASW
"Athens International Airport",Athens,Greece,ATH
"Hartsfield-Jackson Atlanta International Airport",Atlanta,"United States",ATL
"Sri Guru Ram Dass Jee International Airport",Amritsar,India,ATQ
"Appleton International Airport",Appleton,"United States",ATW
"Queen Beatrix International Airport",Oranjestad,Aruba,AUA
"Augusta State Airport",Augusta,"United States",AUG
"Abu Dhabi International Airport","Abu Dhabi","United Arab Emirates",AUH
"Austin-Bergstrom International Airport",Austin,"United States",AUS
"Asheville Regional Airport",Asheville,"United States",AVL
"Wilkes-Barre/Scranton International Airport",Wilkes-Barre,"United States",AVP
"Avalon Airport",Geelong,Australia,AVV
"Akita Airport",Akita,Japan,AXT
"Ayers Rock Connellan Airport",Yulara,Australia,AYQ
"Antalya Airport",Antalya,Turkey,AYT
"Kalamazoo/Battle Creek International Airport",Kalamazoo,"United States",AZO
"Bahrain International Airport",Manama,Bahrain,BAH
"Ernesto Cortissoz International Airport",Barranquilla,Colombia,BAQ
"Balmaceda Airport",Balmaceda,Chile,BBA
"Biju Patnaik International Airport",Bhubaneswar,India,BBI
"Bacolod-Silay Airport",Bacolod,Philippines,BCD
"Barcelona-El Prat Airport",Barcelona,Spain,BCN
"L.F. Wade International Airport","St. George's",Bermuda,BDA
"Bundaberg Airport",Bundaberg,Australia,BDB
"Bradley International Airport",Hartford,"United States",BDL
"Husein Sastranegara International Airport",Bandung,Indonesia,BDO
"Vadodara Airport",Vadodara,India,BDQ
"Brindisi Airport",Brindisi,Italy,BDS
"Belgrade Nikola Tesla Airport",Belgrade,Serbia,BEG
"Val de Cans International Airport",Belem,Brazil,BEL
"Benina International Airport",Benghazi,Libya,BEN
"Berlin Brandenburg Airport",Berlin,Germany,BER
"Bethel Airport",Bethel,"United States",BET
"Beira Airport",Beira,Mozambique,BEW
"Rafic Hariri International Airport",Beirut,Lebanon,BEY
"Meadows Field Airport",Bakersfield,"United States",BFL
"Bram Fischer International Airport",Bloemfontein,"South Africa",BFN
"Belfast International Airport",Belfast,"United Kingdom",BFS
"Palonegro International Airport",Bucaramanga,Colombia,BGA
"Bangui M'Poko International Airport",Bangui,"Central African Republic",BGF
"Grantley Adams International Airport",Bridgetown,Barbados,BGI
"Greater Binghamton Airport",Binghamton,"United States",BGM
"Bergen Flesland Airport",Bergen,Norway,BGO
"Bangor International Airport",Bangor,"United States",BGR
"Baghdad International Airport",Baghdad,Iraq,BGW
"Milan Bergamo Airport",Bergamo,Italy,BGY
"Hancock County-Bar Harbor Airport","Bar Harbor","United States",BHB
"George Best Belfast City Airport",Belfast,"United Kingdom",BHD
"Blenheim Airport",Blenheim,"New Zealand",BHE
"Bukhara International Airport",Bukhara,Uzbekistan,BHK
"Birmingham-Shuttlesworth International Airport",Birmingham,"United States",BHM
"Raja Bhoj Airport",Bhopal,India,BHO
"Birmingham Airport",Birmingham,"United Kingdom",BHX
"Bastia Poretta Airport",Bastia,France,BIA
"Billings Logan International Airport",Billings,"United States",BIL
"Bilbao Airport",Bilbao,Spain,BIO
"Biarritz Airport",Biarritz,France,BIQ
"Bismarck Airport",Bismarck,"United States",BIS
"Bemidji Regional Airport",Bemidji,"United States",BJI
"Bujumbura International Airport",Bujumbura,Burundi,BJM
"Bahir Dar Airport","Bahir Dar",Ethiopia,BJR
"Milas-Bodrum Airport",Bodrum,Turkey,BJV
"Del Bajio International Airport",Leon,Mexico,BJX
"Kota Kinabalu International Airport","Kota Kinabalu",Malaysia,BKI
"Suvarnabhumi Airport",Bangkok,Thailand,BKK
"Bamako-Senou International Airport",Bamako,Mali,BKO
"General Jose Antonio Anzoategui International Airport",Barcelona,Venezuela,BLA
"Bellingham International Airport",Bellingham,"United States",BLI
"Billund Airport",Billund,Denmark,BLL
"Bologna Guglielmo Marconi Airport",Bologna,Italy,BLQ
"Kempegowda International Airport",Bangalore,India,BLR
"Chileka International Airport",Blantyre,Malawi,BLZ
"Stockholm Bromma Airport",Stockholm,Sweden,BMA
"Broome International Airport",Broome,Australia,BME
"Central Illinois Regional Airport",Bloomington,"United States",BMI
"Buon Ma Thuot Airport","Buon Ma Thuot",Vietnam,BMV
"Nashville International Airport",Nashville,"United States",BNA
"Brisbane Airport",Brisbane,Australia,BNE
"Ballina Byron Gateway Airport",Ballina,Australia,BNK
"Bora Bora Airport","Bora Bora","French Polynesia",BOB
"Bordeaux-Merignac Airport",Bordeaux,France,BOD
"El Dorado International Airport",Bogota,Colombia,BOG
"Bournemouth Airport",Bournemouth,"United Kingdom",BOH
"Boise Airport",Boise,"United States",BOI
"Burgas Airport",Burgas,Bulgaria,BOJ
"Chhatrapati Shivaji Maharaj International Airport",Mumbai,India,BOM
"Flamingo International Airport",Kralendijk,Bonaire,BON
"Bodo Airport",Bodo,Norway,BOO
"Boston Logan International Airport",Boston,"United States",BOS
"Sultan Aji Muhammad Sulaiman Airport",Balikpapan,Indonesia,BPN
"Porto Seguro Airport","Porto Seguro",Brazil,BPS
"Jack Brooks Regional Airport",Beaumont,"United States",BPT
"San Carlos de Bariloche Airport","San Carlos de Bariloche",Argentina,BRC
"Brainerd Lakes Regional Airport",Brainerd,"United States",BRD
"Bremen Airport",Bremen,Germany,BRE
"Bari Karol Wojtyla Airport",Bari,Italy,BRI
"Bern Airport",Bern,Switzerland,BRN
"Brownsville South Padre Island International Airport",Brownsville,"United States",BRO
"Brno-Turany Airport",Brno,"Czech Republic",BRQ
"Bristol Airport",Bristol,"United Kingdom",BRS
"Brussels Airport",Brussels,Belgium,BRU
"Wiley Post-Will Rogers Memorial Airport",Barrow,"United States",BRW
"Brasilia International Airport",Brasilia,Brazil,BSB
"EuroAirport Basel Mulhouse Freiburg",Basel,Switzerland,BSL
"Basra International Airport",Basra,Iraq,BSR
"Sultan Iskandar Muda International Airport","Banda Aceh",Indonesia,BTJ
"Bert Mooney Airport",Butte,"United States",BTM
"Baton Rouge Metropolitan Airport","Baton Rouge","United States",BTR
"M. R. Stefanik Airport",Bratislava,Slovakia,BTS
"Burlington International Airport",Burlington,"United States",BTV
"Budapest Ferenc Liszt International Airport",Budapest,Hungary,BUD
"Buffalo Niagara International Airport",Buffalo,"United States",BUF
"Hollywood Burbank Airport",Burbank,"United States",BUR
"Batumi International Airport",Batumi,Georgia,BUS
"Atlas Brasil Cantanhede International Airport","Boa Vista",Brazil,BVB
"Gautam Buddha Airport",Bhairahawa,Nepal,BWA
"Baltimore/Washington International Airport",Baltimore,"United States",BWI
"Brunei International Airport","Bandar Seri Begawan",Brunei,BWN
"Philip S. W. Goldson International Airport","Belize City",Belize,BZE
"Bydgoszcz Ignacy Jan Paderewski Airport",Bydgoszcz,Poland,BZG
"Bozeman Yellowstone International Airport",Bozeman,"United States",BZN
"Maya-Maya Airport",Brazzaville,"Republic of the Congo",BZV
"Cagliari Elmas Airport",Cagliari,Italy,CAG
"Cairo International Airport",Cairo,Egypt,CAI
"Akron-Canton Airport",Akron,"United States",CAK
"Guangzhou Baiyun International Airport",Guangzhou,China,CAN
"Cap-Haitien International Airport",Cap-Haitien,Haiti,CAP
"Felix Eboue Airport",Cayenne,"French Guiana",CAY
"Jorge Wilstermann International Airport",Cochabamba,Bolivia,CBB
"Canberra Airport",Canberra,Australia,CBR
"Calicut International Airport",Kozhikode,India,CCJ
"Carriel Sur International Airport",Concepcion,Chile,CCP
"Simon Bolivar International Airport",Caracas,Venezuela,CCS
"Netaji Subhas Chandra Bose International Airport",Kolkata,India,CCU
"Cedar City Regional Airport","Cedar City","United States",CDC
"Guarani International Airport","Ciudad del Este",Paraguay,CDE
"Charles de Gaulle Airport",Paris,France,CDG
"Merle K. Mudhole Smith Airport",Cordova,"United States",CDV
"Mactan-Cebu International Airport",Cebu,Philippines,CEB
"Chiang Rai International Airport","Chiang Rai",Thailand,CEI
"Clermont-Ferrand Auvergne Airport",Clermont-Ferrand,France,CFE
"Coffs Harbour Airport","Coffs Harbour",Australia,CFS
"Corfu International Airport",Corfu,Greece,CFU
"Marechal Rondon International Airport",Cuiaba,Brazil,CGB
"Congonhas Airport","Sao Paulo",Brazil,CGH
"Cape Girardeau Regional Airport","Cape Girardeau","United States",CGI
"Soekarno-Hatta International Airport",Jakarta,Indonesia,CGK
"Cologne Bonn Airport",Cologne,Germany,CGN
"Zhengzhou Xinzheng International Airport",Zhengzhou,China,CGO
"Shah Amanat International Airport",Chittagong,Bangladesh,CGP
"Changchun Longjia International Airport",Changchun,China,CGQ
"Campo Grande International Airport","Campo Grande",Brazil,CGR
"Laguindingan Airport","Cagayan de Oro",Philippines,CGY
"Chattanooga Metropolitan Airport",Chattanooga,"United States",CHA
"Christchurch International Airport",Christchurch,"New Zealand",CHC
"Charlottesville Albemarle Airport",Charlottesville,"United States",CHO
"Chania International Airport",Chania,Greece,CHQ
"Charleston International Airport",Charleston,"United States",CHS
"The Eastern Iowa Airport","Cedar Rapids","United States",CID
"Shymkent International Airport",Shymkent,Kazakhstan,CIT
"Coimbatore International Airport",Coimbatore,India,CJB
"El Loa Airport",Calama,Chile,CJC
"Cheongju International Airport",Cheongju,"South Korea",CJJ
"Abraham Gonzalez International Airport","Ciudad Juarez",Mexico,CJS
"Jeju International Airport",Jeju,"South Korea",CJU
"North Central West Virginia Airport",Clarksburg,"United States",CKB
"Chongqing Jiangbei International Airport",Chongqing,China,CKG
"Conakry International Airport",Conakry,Guinea,CKY
"McClellan-Palomar Airport",Carlsbad,"United States",CLD
"Cleveland Hopkins International Airport",Cleveland,"United States",CLE
"Cluj-Napoca International Airport",Cluj-Napoca,Romania,CLJ
"Easterwood Airport","College Station","United States",CLL
"Alfonso Bonilla Aragon International Airport",Cali,Colombia,CLO
"Licenciado Miguel de la Madrid Airport",Colima,Mexico,CLQ
"Charlotte Douglas International Airport",Charlotte,"United States",CLT
"Bandaranaike International Airport",Colombo,"Sri Lanka",CMB
"Ciudad del Carmen International Airport","Ciudad del Carmen",Mexico,CME
"John Glenn Columbus International Airport",Columbus,"United States",CMH
"Mohammed V International Airport",Casablanca,Morocco,CMN
"Houghton County Memorial Airport",Hancock,"United States",CMX
"Tancredo Neves International Airport","Belo Horizonte",Brazil,CNF
"Cairns Airport",Cairns,Australia,CNS
"Chiang Mai International Airport","Chiang Mai",Thailand,CNX
"Canyonlands Regional Airport",Moab,"United States",CNY
"Yellowstone Regional Airport",Cody,"United States",COD
"Cochin International Airport",Kochi,India,COK
"Cadjehoun Airport",Cotonou,Benin,COO
"Ingeniero Aeronautico Ambrosio L.V. Taravella International Airport",Cordoba,Argentina,COR
"Colorado Springs Airport","Colorado Springs","United States",COS
"Columbia Regional Airport",Columbia,"United States",COU
"Copenhagen Airport",Copenhagen,Denmark,CPH
"Casper-Natrona County International Airport",Casper,"United States",CPR
"Cape Town International Airport","Cape Town","South Africa",CPT
"Craiova International Airport",Craiova,Romania,CRA
"General Enrique Mosconi International Airport","Comodoro Rivadavia",Argentina,CRD
"Clark International Airport","Angeles City",Philippines,CRK
"Brussels South Charleroi Airport",Charleroi,Belgium,CRL
"Corpus Christi International Airport","Corpus Christi","United States",CRP
"Yeager Airport",Charleston,"United States",CRW
"Columbus Metropolitan Airport",Columbus,"United States",CSG
"Changsha Huanghua International Airport",Changsha,China,CSX
"Catania Fontanarossa Airport",Catania,Italy,CTA
"Rafael Nunez International Airport",Cartagena,Colombia,CTG
"Chetumal International Airport",Chetumal,Mexico,CTM
"New Chitose Airport",Sapporo,Japan,CTS
"Chengdu Shuangliu International Airport",Chengdu,China,CTU
"Camilo Daza International Airport",Cucuta,Colombia,CUC
"Mariscal Lamar International Airport",Cuenca,Ecuador,CUE
"Cuneo Levaldigi Airport",Cuneo,Italy,CUF
"Bachigualato Federal International Airport",Culiacan,Mexico,CUL
"Cancun International Airport",Cancun,Mexico,CUN
"Curacao International Airport",Willemstad,Curacao,CUR
"General Roberto Fierro Villalobos International Airport",Chihuahua,Mexico,CUU
"Alejandro Velasco Astete International Airport",Cusco,Peru,CUZ
"Cincinnati/Northern Kentucky International Airport",Cincinnati,"United States",CVG
"Central Wisconsin Airport",Mosinee,"United States",CWA
"Afonso Pena International Airport",Curitiba,Brazil,CWB
"Cardiff Airport",Cardiff,"United Kingdom",CWL
"Cassidy International Airport","Christmas Island",Kiribati,CXI
"Cam Ranh International Airport","Nha Trang",Vietnam,CXR
"Mohamed Boudiaf International Airport",Constantine,Algeria,CZL
"Cozumel International Airport",Cozumel,Mexico,CZM
"Daytona Beach International Airport","Daytona Beach","United States",DAB
"Hazrat Shahjalal International Airport",Dhaka,Bangladesh,DAC
"Da Nang International Airport","Da Nang",Vietnam,DAD
"Dallas Love Field",Dallas,"United States",DAL
"Julius Nyerere International Airport","Dar es Salaam",Tanzania,DAR
"Dayton International Airport",Dayton,"United States",DAY
"Dubbo City Regional Airport",Dubbo,Australia,DBO
"Dubuque Regional Airport",Dubuque,"United States",DBQ
"Dubrovnik Airport",Dubrovnik,Croatia,DBV
"Ronald Reagan Washington National Airport",Washington,"United States",DCA
"Debrecen International Airport",Debrecen,Hungary,DEB
"Jolly Grant Airport",Dehradun,India,DED
"Indira Gandhi International Airport","New Delhi",India,DEL
"Denver International Airport",Denver,"United States",DEN
"Dallas/Fort Worth International Airport","Dallas/Fort Worth","United States",DFW
"Guadalupe Victoria International Airport",Durango,Mexico,DGO
"Dothan Regional Airport",Dothan,"United States",DHN
"Dibrugarh Airport",Dibrugarh,India,DIB
"Dickinson Theodore Roosevelt Regional Airport",Dickinson,"United States",DIK
"Presidente Nicolau Lobato International Airport",Dili,Timor-Leste,DIL
"Dire Dawa Airport","Dire Dawa",Ethiopia,DIR
"Djerba-Zarzis International Airport",Djerba,Tunisia,DJE
"Sentani International Airport",Jayapura,Indonesia,DJJ
"Leopold Sedar Senghor International Airport",Dakar,Senegal,DKR
"Douala International Airport",Douala,Cameroon,DLA
"Dalian Zhoushuizi International Airport",Dalian,China,DLC
"Dillingham Airport",Dillingham,"United States",DLG
"Duluth International Airport",Duluth,"United States",DLH
"Lien Khuong Airport","Da Lat",Vietnam,DLI
"Dalaman Airport",Dalaman,Turkey,DLM
"Domodedovo International Airport",Moscow,Russia,DME
"Don Mueang International Airport",Bangkok,Thailand,DMK
"King Fahd International Airport",Dammam,"Saudi Arabia",DMM
"Hamad International Airport",Doha,Qatar,DOH
"Douglas-Charles Airport",Marigot,Dominica,DOM
"Ngurah Rai International Airport",Bali,Indonesia,DPS
"Durango-La Plata County Airport",Durango,"United States",DRO
"Dresden Airport",Dresden,Germany,DRS
"Darwin International Airport",Darwin,Australia,DRW
"Des Moines International Airport","Des Moines","United States",DSM
"Blaise Diagne International Airport",Dakar,Senegal,DSS
"Dortmund Airport",Dortmund,Germany,DTM
"Detroit Metropolitan Wayne County Airport",Detroit,"United States",DTW
"Dublin Airport",Dublin,Ireland,DUB
"Dunedin Airport",Dunedin,"New Zealand",DUD
"King Shaka International Airport",Durban,"South Africa",DUR
"Dusseldorf Airport",Dusseldorf,Germany,DUS
"Francisco Bangoy International Airport",Davao,Philippines,DVO
"Al Maktoum International Airport",Dubai,"United Arab Emirates",DWC
"Dubai International Airport",Dubai,"United Arab Emirates",DXB
"Dushanbe International Airport",Dushanbe,Tajikistan,DYU
"Pangborn Memorial Airport",Wenatchee,"United States",EAT
"Entebbe International Airport",Entebbe,Uganda,EBB
"Erbil International Airport",Erbil,Iraq,EBL
"Ercan International Airport",Nicosia,"Northern Cyprus",ECN
"Northwest Florida Beaches International Airport","Panama City","United States",ECP
"Edinburgh Airport",Edinburgh,"United Kingdom",EDI
"Cephalonia International Airport",Argostoli,Greece,EFL
"Eagle County Regional Airport",Eagle,"United States",EGE
"Eindhoven Airport",Eindhoven,Netherlands,EIN
"Terrance B. Lettsome International Airport","Road Town","British Virgin Islands",EIS
"Elko Regional Airport",Elko,"United States",EKO
"North Eleuthera Airport","North Eleuthera",Bahamas,ELH
"Elmira Corning Regional Airport",Elmira,"United States",ELM
"El Paso International Airport","El Paso","United States",ELP
"Prince Nayef bin Abdulaziz Regional Airport","Al Qassim","Saudi Arabia",ELQ
"East London Airport","East London","South Africa",ELS
"East Midlands Airport",Nottingham,"United Kingdom",EMA
"Emerald Airport",Emerald,Australia,EMD
"Erie International Airport",Erie,"United States",ERI
"Erzurum Airport",Erzurum,Turkey,ERZ
"Esenboga International Airport",Ankara,Turkey,ESB
"Delta County Airport",Escanaba,"United States",ESC
"Essaouira-Mogador Airport",Essaouira,Morocco,ESU
"Eilat Ramon Airport",Eilat,Israel,ETH
"Eugene Airport",Eugene,"United States",EUG
"Harstad/Narvik Airport",Evenes,Norway,EVE
"Zvartnots International Airport",Yerevan,Armenia,EVN
"Evansville Regional Airport",Evansville,"United States",EVV
"Coastal Carolina Regional Airport","New Bern","United States",EWN
"Newark Liberty International Airport",Newark,"United States",EWR
"Exeter Airport",Exeter,"United Kingdom",EXT
"Key West International Airport","Key West","United States",EYW
"Ministro Pistarini International Airport","Buenos Aires",Argentina,EZE
"Vagar Airport",Vagar,"Faroe Islands",FAE
"Fairbanks International Airport",Fairbanks,"United States",FAI
"Faro Airport",Faro,Portugal,FAO
"Hector International Airport",Fargo,"United States",FAR
"Fresno Yosemite International Airport",Fresno,"United States",FAT
"Fayetteville Regional Airport",Fayetteville,"United States",FAY
"Lubumbashi International Airport",Lubumbashi,"Democratic Republic of the Congo",FBM
"Glacier Park International Airport",Kalispell,"United States",FCA
"Leonardo da Vinci-Fiumicino Airport",Rome,Italy,FCO
"Martinique Aime Cesaire International Airport",Fort-de-France,Martinique,FDF
"Fes-Saiss Airport",Fez,Morocco,FEZ
"N'Djili International Airport",Kinshasa,"Democratic Republic of the Congo",FIH
"Flagstaff Pulliam Airport",Flagstaff,"United States",FLG
"Fort Lauderdale-Hollywood International Airport","Fort Lauderdale","United States",FLL
"Hercilio Luz International Airport",Florianopolis,Brazil,FLN
"Florence Regional Airport",Florence,"United States",FLO
"Florence Airport",Florence,Italy,FLR
"Munster Osnabruck International Airport",Munster,Germany,FMO
"Lungi International Airport",Freetown,"Sierra Leone",FNA
"Madeira Airport",Funchal,Portugal,FNC
"Pyongyang Sunan International Airport",Pyongyang,"North Korea",FNJ
"Bishop International Airport",Flint,"United States",FNT
"Fuzhou Changle International Airport",Fuzhou,China,FOC
"Pinto Martins International Airport",Fortaleza,Brazil,FOR
"Grand Bahama International Airport",Freeport,Bahamas,FPO
"Frankfurt Airport",Frankfurt,Germany,FRA
"Manas International Airport",Bishkek,Kyrgyzstan,FRU
"Sioux Falls Regional Airport","Sioux Falls","United States",FSD
"Fort Smith Regional Airport","Fort Smith","United States",FSM
"Shizuoka Airport",Shizuoka,Japan,FSZ
"Comandante Armando Tola International Airport","El Calafate",Argentina,FTE
"Fuerteventura Airport","Puerto del Rosario",Spain,FUE
"Fukuoka Airport",Fukuoka,Japan,FUK
"Funafuti International Airport",Funafuti,Tuvalu,FUN
"Fort Wayne International Airport","Fort Wayne","United States",FWA
"Yamagata Airport",Yamagata,Japan,GAJ
"Addu International Airport","Addu City",Maldives,GAN
"Lokpriya Gopinath Bordoloi International Airport",Guwahati,India,GAU
"Sir Seretse Khama International Airport",Gaborone,Botswana,GBE
"Gillette-Campbell County Airport",Gillette,"United States",GCC
"Guernsey Airport","St. Peter Port",Guernsey,GCI
"Garden City Regional Airport","Garden City","United States",GCK
"Owen Roberts International Airport","George Town","Cayman Islands",GCM
"Guadalajara International Airport",Guadalajara,Mexico,GDL
"Gdansk Lech Walesa Airport",Gdansk,Poland,GDN
"Gondar Airport",Gondar,Ethiopia,GDQ
"Spokane International Airport",Spokane,"United States",GEG
"Cheddi Jagan International Airport",Georgetown,Guyana,GEO
"General Santos International Airport","General Santos",Philippines,GES
"Grand Forks International Airport","Grand Forks","United States",GFK
"East Texas Regional Airport",Longview,"United States",GGG
"Exuma International Airport","George Town",Bahamas,GGT
"Governor's Harbour Airport","Governor's Harbour",Bahamas,GHB
"Rio de Janeiro-Galeao International Airport","Rio de Janeiro",Brazil,GIG
"Gisborne Airport",Gisborne,"New Zealand",GIS
"Jizan Regional Airport",Jizan,"Saudi Arabia",GIZ
"Grand Junction Regional Airport","Grand Junction","United States",GJT
"Glasgow Airport",Glasgow,"United Kingdom",GLA
"Gladstone Airport",Gladstone,Australia,GLT
"Gimpo International Airport",Seoul,"South Korea",GMP
"Maurice Bishop International Airport","St. George's",Grenada,GND
"Gainesville Regional Airport",Gainesville,"United States",GNV
"Genoa Cristoforo Colombo Airport",Genoa,Italy,GOA
"Goa International Airport",Goa,India,GOI
"Nizhny Novgorod Strigino International Airport","Nizhny Novgorod",Russia,GOJ
"Gothenburg Landvetter Airport",Gothenburg,Sweden,GOT
"Seymour Airport","Baltra Island",Ecuador,GPS
"Gulfport-Biloxi International Airport",Gulfport,"United States",GPT
"Green Bay Austin Straubel International Airport","Green Bay","United States",GRB
"Grand Island Central Nebraska Regional Airport","Grand Island","United States",GRI
"George Airport",George,"South Africa",GRJ
"Killeen-Fort Hood Regional Airport",Killeen,"United States",GRK
"Girona-Costa Brava Airport",Girona,Spain,GRO
"Groningen Airport Eelde",Groningen,Netherlands,GRQ
"Gerald R. Ford International Airport","Grand Rapids","United States",GRR
"Sao Paulo-Guarulhos International Airport","Sao Paulo",Brazil,GRU
"Federico Garcia Lorca Granada-Jaen Airport",Granada,Spain,GRX
"Graz Airport",Graz,Austria,GRZ
"Greenville-Spartanburg International Airport",Greenville,"United States",GSP
"Great Falls International Airport","Great Falls","United States",GTF
"Golden Triangle Regional Airport",Columbus,"United States",GTR
"La Aurora International Airport","Guatemala City",Guatemala,GUA
"Antonio B. Won Pat International Airport",Hagatna,Guam,GUM
"Geneva Airport",Geneva,Switzerland,GVA
"Gwadar International Airport",Gwadar,Pakistan,GWD
"Heydar Aliyev International Airport",Baku,Azerbaijan,GYD
"Jose Joaquin de Olmedo International Airport",Guayaquil,Ecuador,GYE
"Santa Genoveva Airport",Goiania,Brazil,GYN
"Gaziantep Oguzeli International Airport",Gaziantep,Turkey,GZT
"Prince Said Ibrahim International Airport",Moroni,Comoros,HAH
"Hannover Airport",Hannover,Germany,HAJ
"Haikou Meilan International Airport",Haikou,China,HAK
"Hamburg Airport",Hamburg,Germany,HAM
"Noi Bai International Airport",Hanoi,Vietnam,HAN
"Ha'il Regional Airport",Ha'il,"Saudi Arabia",HAS
"Haugesund Airport",Haugesund,Norway,HAU
"Jose Marti International Airport",Havana,Cuba,HAV
"Hobart International Airport",Hobart,Australia,HBA
"Borg El Arab International Airport",Alexandria,Egypt,HBE
"Hubli Airport",Hubli,India,HBX
"Yampa Valley Airport",Hayden,"United States",HDN
"Hat Yai International Airport","Hat Yai",Thailand,HDY
"Helsinki Airport",Helsinki,Finland,HEL
"Heraklion International Airport",Heraklion,Greece,HER
"Hohhot Baita International Airport",Hohhot,China,HET
"Hangzhou Xiaoshan International Airport",Hangzhou,China,HGH
"Hagerstown Regional Airport",Hagerstown,"United States",HGR
"Hilton Head Airport","Hilton Head Island","United States",HHH
"Range Regional Airport",Hibbing,"United States",HIB
"Hiroshima Airport",Hiroshima,Japan,HIJ
"Honiara International Airport",Honiara,"Solomon Islands",HIR
"Hakodate Airport",Hakodate,Japan,HKD
"Hong Kong International Airport","Hong Kong","Hong Kong",HKG
"Phuket International Airport",Phuket,Thailand,HKT
"Lanseria International Airport",Johannesburg,"South Africa",HLA
"Helena Regional Airport",Helena,"United States",HLN
"Hamilton Airport",Hamilton,"New Zealand",HLZ
"General Ignacio Pesqueira Garcia International Airport",Hermosillo,Mexico,HMO
"Tokyo Haneda Airport",Tokyo,Japan,HND
"Daniel K. Inouye International Airport",Honolulu,"United States",HNL
"Frank Pais International Airport",Holguin,Cuba,HOG
"Horta Airport",Horta,Portugal,HOR
"William P. Hobby Airport",Houston,"United States",HOU
"Cat Bi International Airport","Hai Phong",Vietnam,HPH
"Westchester County Airport","White Plains","United States",HPN
"Harbin Taiping International Airport",Harbin,China,HRB
"Robert Gabriel Mugabe International Airport",Harare,Zimbabwe,HRE
"Hurghada International Airport",Hurghada,Egypt,HRG
"Mattala Rajapaksa International Airport",Hambantota,"Sri Lanka",HRI
"Valley International Airport",Harlingen,"United States",HRL
"Huntsville International Airport",Huntsville,"United States",HSV
"Hamilton Island Airport","Hamilton Island",Australia,HTI
"Tri-State Airport",Huntington,"United States",HTS
"Phu Bai International Airport",Hue,Vietnam,HUI
"Hualien Airport",Hualien,Taiwan,HUN
"Bahias de Huatulco International Airport",Huatulco,Mexico,HUX
"Cape Cod Gateway Airport",Hyannis,"United States",HYA
"Rajiv Gandhi International Airport",Hyderabad,India,HYD
"Washington Dulles International Airport",Washington,"United States",IAD
"George Bush Intercontinental Airport",Houston,"United States",IAH
"Iasi International Airport",Iasi,Romania,IAS
"Ibiza Airport",Ibiza,Spain,IBZ
"Incheon International Airport",Seoul,"South Korea",ICN
"Wichita Dwight D. Eisenhower National Airport",Wichita,"United States",ICT
"Idaho Falls Regional Airport","Idaho Falls","United States",IDA
"Devi Ahilyabai Holkar Airport",Indore,India,IDR
"Isfahan International Airport",Isfahan,Iran,IFN
"Laughlin/Bullhead International Airport","Bullhead City","United States",IFP
"Cataratas del Iguazu International Airport","Puerto Iguazu",Argentina,IGR
"Foz do Iguacu International Airport","Foz do Iguacu",Brazil,IGU
"Imam Khomeini International Airport",Tehran,Iran,IKA
"Irkutsk International Airport",Irkutsk,Russia,IKT
"Wilmington International Airport",Wilmington,"United States",ILM
"Iloilo International Airport",Iloilo,Philippines,ILO
"Imphal International Airport",Imphal,India,IMF
"Ford Airport","Iron Mountain","United States",IMT
"Yinchuan Hedong International Airport",Yinchuan,China,INC
"Indianapolis International Airport",Indianapolis,"United States",IND
"Nis Constantine the Great Airport",Nis,Serbia,INI
"Falls International Airport","International Falls","United States",INL
"Innsbruck Airport",Innsbruck,Austria,INN
"Nauru International Airport",Yaren,Nauru,INU
"Inverness Airport",Inverness,"United Kingdom",INV
"Isle of Man Airport",Douglas,"Isle of Man",IOM
"Jorge Amado Airport",Ilheus,Brazil,IOS
"Mataveri International Airport","Easter Island",Chile,IPC
"Sultan Azlan Shah Airport",Ipoh,Malaysia,IPH
"Imperial County Airport",Imperial,"United States",IPL
"Williamsport Regional Airport",Williamsport,"United States",IPT
"Diego Aracena International Airport",Iquique,Chile,IQQ
"Coronel FAP Francisco Secada Vignetta International Airport",Iquitos,Peru,IQT
"Mount Isa Airport","Mount Isa",Australia,ISA
"Islamabad International Airport",Islamabad,Pakistan,ISB
"Ishigaki Airport",Ishigaki,Japan,ISG
"Long Island MacArthur Airport",Islip,"United States",ISP
"Istanbul Airport",Istanbul,Turkey,IST
"Ithaca Tompkins International Airport",Ithaca,"United States",ITH
"Osaka Itami Airport",Osaka,Japan,ITM
"Hilo International Airport",Hilo,"United States",ITO
"Niue International Airport",Alofi,Niue,IUE
"Invercargill Airport",Invercargill,"New Zealand",IVC
"Ivalo Airport",Ivalo,Finland,IVL
"Agartala Airport",Agartala,India,IXA
"Bagdogra Airport",Bagdogra,India,IXB
"Chandigarh International Airport",Chandigarh,India,IXC
"Mangalore International Airport",Mangalore,India,IXE
"Jammu Airport",Jammu,India,IXJ
"Madurai Airport",Madurai,India,IXM
"Birsa Munda Airport",Ranchi,India,IXR
"Chhatrapati Sambhaji Maharaj Airport",Aurangabad,India,IXU
"Izumo Enmusubi Airport",Izumo,Japan,IZO
"Jackson Hole Airport",Jackson,"United States",JAC
"Jaipur International Airport",Jaipur,India,JAI
"Jackson-Medgar Wiley Evers International Airport",Jackson,"United States",JAN
"Jacksonville International Airport",Jacksonville,"United States",JAX
"Jodhpur Airport",Jodhpur,India,JDH
"King Abdulaziz International Airport",Jeddah,"Saudi Arabia",JED
"Jersey Airport","St. Helier",Jersey,JER
"John F. Kennedy International Airport","New York","United States",JFK
"Senai International Airport","Johor Bahru",Malaysia,JHB
"Djibouti-Ambouli International Airport",Djibouti,Djibouti,JIB
"Chios Island National Airport",Chios,Greece,JKH
"Joplin Regional Airport",Joplin,"United States",JLN
"Jabalpur Airport",Jabalpur,India,JLR
"Mykonos Island National Airport",Mykonos,Greece,JMK
"O.R. Tambo International Airport",Johannesburg,"South Africa",JNB
"Juneau International Airport",Juneau,"United States",JNU
"Yogyakarta International Airport",Yogyakarta,Indonesia,JOG
"Presidente Castro Pinto International Airport","Joao Pessoa",Brazil,JPA
"Kilimanjaro International Airport",Arusha,Tanzania,JRO
"Skiathos Island National Airport",Skiathos,Greece,JSI
"John Murtha Johnstown-Cambria County Airport",Johnstown,"United States",JST
"Santorini Airport",Santorini,Greece,JTR
"Inca Manco Capac International Airport",Juliaca,Peru,JUL
"Jyvaskyla Airport",Jyvaskyla,Finland,JYV
"Mallam Aminu Kano International Airport",Kano,Nigeria,KAN
"Sultan Ismail Petra Airport","Kota Bharu",Malaysia,KBR
"Krabi Airport",Krabi,Thailand,KBV
"Kuching International Airport",Kuching,Malaysia,KCH
"Kochi Ryoma Airport",Kochi,Japan,KCZ
"Wolter Monginsidi Airport",Kendari,Indonesia,KDI
"Keflavik International Airport",Reykjavik,Iceland,KEF
"Kalgoorlie-Boulder Airport",Kalgoorlie,Australia,KGI
"Kigali International Airport",Kigali,Rwanda,KGL
"Kos Island International Airport",Kos,Greece,KGS
"Kaohsiung International Airport",Kaohsiung,Taiwan,KHH
"Jinnah International Airport",Karachi,Pakistan,KHI
"Khabarovsk Novy Airport",Khabarovsk,Russia,KHV
"Kish International Airport","Kish Island",Iran,KIH
"Kimberley Airport",Kimberley,"South Africa",KIM
"Norman Manley International Airport",Kingston,Jamaica,KIN
"Kisumu International Airport",Kisumu,Kenya,KIS
"Chisinau International Airport",Chisinau,Moldova,KIV
"Kansai International Airport",Osaka,Japan,KIX
"Khon Kaen Airport","Khon Kaen",Thailand,KKC
"Kerikeri Airport",Kerikeri,"New Zealand",KKE
"Kalibo International Airport",Kalibo,Philippines,KLO
"Klagenfurt Airport",Klagenfurt,Austria,KLU
"Kunming Changshui International Airport",Kunming,China,KMG
"Kumamoto Airport",Kumamoto,Japan,KMJ
"Komatsu Airport",Komatsu,Japan,KMQ
"Kumasi Airport",Kumasi,Ghana,KMS
"Knock Ireland West Airport",Knock,Ireland,KNO
"Ellison Onizuka Kona International Airport",Kailua-Kona,"United States",KOA
"Kagoshima Airport",Kagoshima,Japan,KOJ
"Sihanoukville International Airport",Sihanoukville,Cambodia,KOS
"John Paul II International Airport",Krakow,Poland,KRK
"Kiruna Airport",Kiruna,Sweden,KRN
"Pashkovsky Airport",Krasnodar,Russia,KRR
"Kristiansand Airport",Kristiansand,Norway,KRS
"Khartoum International Airport",Khartoum,Sudan,KRT
"Kosrae International Airport",Kosrae,Micronesia,KSA
"Kosice International Airport",Kosice,Slovakia,KSC
"Karratha Airport",Karratha,Australia,KTA
"Tribhuvan International Airport",Kathmandu,Nepal,KTM
"Ketchikan International Airport",Ketchikan,"United States",KTN
"Kittila Airport",Kittila,Finland,KTT
"Katowice Airport",Katowice,Poland,KTW
"Sultan Haji Ahmad Shah Airport",Kuantan,Malaysia,KUA
"Kurumoch International Airport",Samara,Russia,KUF
"Kushiro Airport",Kushiro,Japan,KUH
"Kuala Lumpur International Airport","Kuala Lumpur",Malaysia,KUL
"Kaunas Airport",Kaunas,Lithuania,KUN
"Kuopio Airport",Kuopio,Finland,KUO
"David the Builder Kutaisi International Airport",Kutaisi,Georgia,KUT
"Alexander the Great International Airport",Kavala,Greece,KVA
"Bucholz Army Airfield",Kwajalein,"Marshall Islands",KWA
"Guiyang Longdongbao International Airport",Guiyang,China,KWE
"Kuwait International Airport","Kuwait City",Kuwait,KWI
"Gwangju Airport",Gwangju,"South Korea",KWJ
"Guilin Liangjiang International Airport",Guilin,China,KWL
"Konya Airport",Konya,Turkey,KYA
"Kazan International Airport",Kazan,Russia,KZN
"Quatro de Fevereiro Airport",Luanda,Angola,LAD
"Capital Region International Airport",Lansing,"United States",LAN
"Manuel Marquez de Leon International Airport","La Paz",Mexico,LAP
"Harry Reid International Airport","Las Vegas","United States",LAS
"Los Angeles International Airport","Los Angeles","United States",LAX
"Lubbock Preston Smith International Airport",Lubbock,"United States",LBB
"Arnold Palmer Regional Airport",Latrobe,"United States",LBE
"Leon-Mba International Airport",Libreville,Gabon,LBV
"Larnaca International Airport",Larnaca,Cyprus,LCA
"Lake Charles Regional Airport","Lake Charles","United States",LCH
"Lodz Wladyslaw Reymont Airport",Lodz,Poland,LCJ
"London City Airport",London,"United Kingdom",LCY
"Leeds Bradford Airport",Leeds,"United Kingdom",LDS
"Lebanon Municipal Airport",Lebanon,"United States",LEB
"Pulkovo Airport","St. Petersburg",Russia,LED
"Leipzig/Halle Airport",Leipzig,Germany,LEJ
"Blue Grass Airport",Lexington,"United States",LEX
"Lafayette Regional Airport",Lafayette,"United States",LFT
"Lome-Tokoin Airport",Lome,Togo,LFW
"LaGuardia Airport","New York","United States",LGA
"Liege Airport",Liege,Belgium,LGG
"Langkawi International Airport",Langkawi,Malaysia,LGK
"London Gatwick Airport",London,"United Kingdom",LGW
"Allama Iqbal International Airport",Lahore,Pakistan,LHE
"London Heathrow Airport",London,"United Kingdom",LHR
"Lanzhou Zhongchuan International Airport",Lanzhou,China,LHW
"Lihue Airport",Lihue,"United States",LIH
"Lille Airport",Lille,France,LIL
"Jorge Chavez International Airport",Lima,Peru,LIM
"Milan Linate Airport",Milan,Italy,LIN
"Daniel Oduber Quiros International Airport",Liberia,"Costa Rica",LIR
"Lisbon Humberto Delgado Airport",Lisbon,Portugal,LIS
"Bill and Hillary Clinton National Airport","Little Rock","United States",LIT
"Lijiang Sanyi International Airport",Lijiang,China,LJG
"Ljubljana Joze Pucnik Airport",Ljubljana,Slovenia,LJU
"Chaudhary Charan Singh International Airport",Lucknow,India,LKO
"Lulea Airport",Lulea,Sweden,LLA
"Lalibela Airport",Lalibela,Ethiopia,LLI
"Kamuzu International Airport",Lilongwe,Malawi,LLW
"Federal del Valle del Fuerte International Airport","Los Mochis",Mexico,LMM
"Lincoln Airport",Lincoln,"United States",LNK
"Linz Airport",Linz,Austria,LNZ
"Lombok International Airport",Lombok,Indonesia,LOP
"Murtala Muhammed International Airport",Lagos,Nigeria,LOS
"Gran Canaria Airport","Las Palmas",Spain,LPA
"El Alto International Airport","La Paz",Bolivia,LPB
"Liverpool John Lennon Airport",Liverpool,"United Kingdom",LPL
"Luang Prabang International Airport","Luang Prabang",Laos,LPQ
"Laredo International Airport",Laredo,"United States",LRD
"Longreach Airport",Longreach,Australia,LRE
"La Florida Airport","La Serena",Chile,LSC
"La Crosse Regional Airport","La Crosse","United States",LSE
"Launceston Airport",Launceston,Australia,LST
"London Luton Airport",London,"United Kingdom",LTN
"Kenneth Kaunda International Airport",Lusaka,Zambia,LUN
"Luxembourg Findel Airport","Luxembourg City",Luxembourg,LUX
"Harry Mwanga Nkumbula International Airport",Livingstone,Zambia,LVI
"Greenbrier Valley Airport",Lewisburg,"United States",LWB
"Lewiston-Nez Perce County Airport",Lewiston,"United States",LWS
"Luxor International Airport",Luxor,Egypt,LXR
"Lynchburg Regional Airport",Lynchburg,"United States",LYH
"Svalbard Airport",Longyearbyen,Norway,LYR
"Lyon-Saint Exupery Airport",Lyon,France,LYS
"Chennai International Airport",Chennai,India,MAA
"Adolfo Suarez Madrid-Barajas Airport",Madrid,Spain,MAD
"Midland International Air and Space Port",Midland,"United States",MAF
"Menorca Airport",Mahon,Spain,MAH
"Amata Kabua International Airport",Majuro,"Marshall Islands",MAJ
"Manchester Airport",Manchester,"United Kingdom",MAN
"Eduardo Gomes International Airport",Manaus,Brazil,MAO
"La Chinita International Airport",Maracaibo,Venezuela,MAR
"Moi International Airport",Mombasa,Kenya,MBA
"Sangster International Airport","Montego Bay",Jamaica,MBJ
"MBS International Airport",Saginaw,"United States",MBS
"Kansas City International Airport","Kansas City","United States",MCI
"Orlando International Airport",Orlando,"United States",MCO
"Alberto Alcolumbre International Airport",Macapa,Brazil,MCP
"Muscat International Airport",Muscat,Oman,MCT
"Sunshine Coast Airport",Maroochydore,Australia,MCY
"Zumbi dos Palmares Airport",Maceio,Brazil,MCZ
"Sam Ratulangi International Airport",Manado,Indonesia,MDC
"Jose Maria Cordova International Airport",Medellin,Colombia,MDE
"Mandalay International Airport",Mandalay,Myanmar,MDL
"Harrisburg International Airport",Harrisburg,"United States",MDT
"Chicago Midway International Airport",Chicago,"United States",MDW
"Governor Francisco Gabrielli International Airport",Mendoza,Argentina,MDZ
"Eloy Alfaro International Airport",Manta,Ecuador,MEC
"Prince Mohammad bin Abdulaziz International Airport",Medina,"Saudi Arabia",MED
"Meridian Regional Airport",Meridian,"United States",MEI
"Melbourne Airport",Melbourne,Australia,MEL
"Memphis International Airport",Memphis,"United States",MEM
"Mexico City International Airport","Mexico City",Mexico,MEX
"McAllen Miller International Airport",McAllen,"United States",MFE
"Macau International Airport",Macau,Macau,MFM
"Rogue Valley International-Medford Airport",Medford,"United States",MFR
"Augusto C. Sandino International Airport",Managua,Nicaragua,MGA
"Montgomery Regional Airport",Montgomery,"United States",MGM
"Aden Abdulle International Airport",Mogadishu,Somalia,MGQ
"Morgantown Municipal Airport",Morgantown,"United States",MGW
"Mashhad International Airport",Mashhad,Iran,MHD
"Marsh Harbour Airport","Marsh Harbour",Bahamas,MHH
"Manhattan Regional Airport",Manhattan,"United States",MHK
"Mariehamn Airport",Mariehamn,Finland,MHQ
"Manchester-Boston Regional Airport",Manchester,"United States",MHT
"Miami International Airport",Miami,"United States",MIA
"Manuel Crescencio Rejon International Airport",Merida,Mexico,MID
"Monastir Habib Bourguiba International Airport",Monastir,Tunisia,MIR
"Mytilene International Airport",Mytilene,Greece,MJT
"Region de Murcia International Airport",Murcia,Spain,MJV
"Milwaukee Mitchell International Airport",Milwaukee,"United States",MKE
"Muskegon County Airport",Muskegon,"United States",MKG
"McKellar-Sipes Regional Airport",Jackson,"United States",MKL
"Mackay Airport",Mackay,Australia,MKY
"Malta International Airport",Valletta,Malta,MLA
"Orlando Melbourne International Airport",Melbourne,"United States",MLB
"Velana International Airport",Male,Maldives,MLE
"Quad City International Airport",Moline,"United States",MLI
"Monroe Regional Airport",Monroe,"United States",MLU
"Memanbetsu Airport",Ozora,Japan,MMB
"Malmo Airport",Malmo,Sweden,MMX
"Miyako Airport",Miyakojima,Japan,MMY
"Ninoy Aquino International Airport",Manila,Philippines,MNL
"Mobile Regional Airport",Mobile,"United States",MOB
"Molde Airport",Molde,Norway,MOL
"Minot International Airport",Minot,"United States",MOT
"Moorea Temae Airport",Moorea,"French Polynesia",MOZ
"Montpellier-Mediterranee Airport",Montpellier,France,MPL
"Maputo International Airport",Maputo,Mozambique,MPM
"Mildura Airport",Mildura,Australia,MQL
"Sawyer International Airport",Marquette,"United States",MQT
"Alula Aba Nega Airport",Mekelle,Ethiopia,MQX
"Marseille Provence Airport",Marseille,France,MRS
"Sir Seewoosagur Ramgoolam International Airport",Mauritius,Mauritius,MRU
"Mineralnye Vody Airport","Mineralnye Vody",Russia,MRV
"Monterey Regional Airport",Monterey,"United States",MRY
"Dane County Regional Airport",Madison,"United States",MSN
"Missoula Montana Airport",Missoula,"United States",MSO
"Minneapolis-Saint Paul International Airport",Minneapolis,"United States",MSP
"Maastricht Aachen Airport",Maastricht,Netherlands,MST
"Moshoeshoe I International Airport",Maseru,Lesotho,MSU
"Louis Armstrong New Orleans International Airport","New Orleans","United States",MSY
"Montrose Regional Airport",Montrose,"United States",MTJ
"Matsapha Airport",Manzini,Eswatini,MTS
"Monterrey International Airport",Monterrey,Mexico,MTY
"Munich Airport",Munich,Germany,MUC
"Multan International Airport",Multan,Pakistan,MUX
"Carrasco International Airport",Montevideo,Uruguay,MVD
"Martha's Vineyard Airport","Vineyard Haven","United States",MVY
"Muan International Airport",Muan,"South Korea",MWX
"Milan Malpensa Airport",Milan,Italy,MXP
"Matsuyama Airport",Matsuyama,Japan,MYJ
"Myrtle Beach International Airport","Myrtle Beach","United States",MYR
"Miri Airport",Miri,Malaysia,MYY
"General Rafael Buelna International Airport",Mazatlan,Mexico,MZT
"Dr. Babasaheb Ambedkar International Airport",Nagpur,India,NAG
"Nadi International Airport",Nadi,Fiji,NAN
"Naples International Airport",Naples,Italy,NAP
"Lynden Pindling International Airport",Nassau,Bahamas,NAS
"Augusto Severo International Airport",Natal,Brazil,NAT
"Nevsehir Kapadokya Airport",Nevsehir,Turkey,NAV
"Enfidha-Hammamet International Airport",Enfidha,Tunisia,NBE
"Jomo Kenyatta International Airport",Nairobi,Kenya,NBO
"Nice Cote d'Azur Airport",Nice,France,NCE
"Newcastle International Airport",Newcastle,"United Kingdom",NCL
"N'Djamena International Airport",N'Djamena,Chad,NDJ
"Nador International Airport",Nador,Morocco,NDR
"Chubu Centrair International Airport",Nagoya,Japan,NGO
"Nagasaki Airport",Nagasaki,Japan,NGS
"Diori Hamani International Airport",Niamey,Niger,NIM
"Al Najaf International Airport",Najaf,Iraq,NJF
"Nouakchott-Oumtounsy International Airport",Nouakchott,Mauritania,NKC
"Nanjing Lukou International Airport",Nanjing,China,NKG
"Nanning Wuxu International Airport",Nanning,China,NNG
"Fascene Airport","Nosy Be",Madagascar,NOS
"La Tontouta International Airport",Noumea,"New Caledonia",NOU
"Hawke's Bay Airport",Napier,"New Zealand",NPE
"New Plymouth Airport","New Plymouth","New Zealand",NPL
"Presidente Peron International Airport",Neuquen,Argentina,NQN
"Nursultan Nazarbayev International Airport",Astana,Kazakhstan,NQZ
"Norrkoping Airport",Norrkoping,Sweden,NRK
"Narita International Airport",Tokyo,Japan,NRT
"Yaounde Nsimalen International Airport",Yaounde,Cameroon,NSI
"Nelson Airport",Nelson,"New Zealand",NSN
"Nakhon Si Thammarat Airport","Nakhon Si Thammarat",Thailand,NST
"Nantes Atlantique Airport",Nantes,France,NTE
"Newcastle Airport",Newcastle,Australia,NTL
"Nuremberg Airport",Nuremberg,Germany,NUE
"Ministro Victor Konder International Airport",Navegantes,Brazil,NVT
"Norwich International Airport",Norwich,"United Kingdom",NWI
"Naypyidaw International Airport",Naypyidaw,Myanmar,NYT
"Albert J. Ellis Airport",Jacksonville,"United States",OAJ
"Oakland International Airport",Oakland,"United States",OAK
"Xoxocotlan International Airport",Oaxaca,Mexico,OAX
"Tokachi-Obihiro Airport",Obihiro,Japan,OBO
"Kahului Airport",Kahului,"United States",OGG
"Ogdensburg International Airport",Ogdensburg,"United States",OGS
"Ohrid St. Paul the Apostle Airport",Ohrid,"North Macedonia",OHD
"Oita Airport",Oita,Japan,OIT
"Naha Airport",Okinawa,Japan,OKA
"Will Rogers World Airport","Oklahoma City","United States",OKC
"Okayama Momotaro Airport",Okayama,Japan,OKJ
"Olbia Costa Smeralda Airport",Olbia,Italy,OLB
"Eppley Airfield",Omaha,"United States",OMA
"Nome Airport",Nome,"United States",OME
"Ontario International Airport",Ontario,"United States",ONT
"Gold Coast Airport","Gold Coast",Australia,OOL
"Francisco Sa Carneiro Airport",Porto,Portugal,OPO
"O'Hare International Airport",Chicago,"United States",ORD
"Norfolk International Airport",Norfolk,"United States",ORF
"Worcester Regional Airport",Worcester,"United States",ORH
"Cork Airport",Cork,Ireland,ORK
"Ahmed Ben Bella Airport",Oran,Algeria,ORN
"Paris Orly Airport",Paris,France,ORY
"Oslo Gardermoen Airport",Oslo,Norway,OSL
"Leos Janacek Airport Ostrava",Ostrava,"Czech Republic",OSR
"Osh Airport",Osh,Kyrgyzstan,OSS
"Henri Coanda International Airport",Bucharest,Romania,OTP
"Ralph Wien Memorial Airport",Kotzebue,"United States",OTZ
"Thomas Sankara International Airport",Ouagadougou,"Burkina Faso",OUA
"Angads Airport",Oujda,Morocco,OUJ
"Oulu Airport",Oulu,Finland,OUL
"Tolmachevo Airport",Novosibirsk,Russia,OVB
"Asturias Airport",Oviedo,Spain,OVD
"Owensboro-Daviess County Regional Airport",Owensboro,"United States",OWB
"Osvaldo Vieira International Airport",Bissau,Guinea-Bissau,OXB
"Paderborn Lippstadt Airport",Paderborn,Germany,PAD
"Barkley Regional Airport",Paducah,"United States",PAH
"Toussaint Louverture International Airport",Port-au-Prince,Haiti,PAP
"Jay Prakash Narayan International Airport",Patna,India,PAT
"Plattsburgh International Airport",Plattsburgh,"United States",PBG
"Paro International Airport",Paro,Bhutan,PBH
"Palm Beach International Airport","West Palm Beach","United States",PBI
"Johan Adolf Pengel International Airport",Paramaribo,Suriname,PBM
"Minangkabau International Airport",Padang,Indonesia,PDG
"Joao Paulo II Airport","Ponta Delgada",Portugal,PDL
"Capitan de Corbeta Carlos A. Curbelo International Airport","Punta del Este",Uruguay,PDP
"Portland International Airport",Portland,"United States",PDX
"Perm International Airport",Perm,Russia,PEE
"San Francesco d'Assisi Airport",Perugia,Italy,PEG
"Matecana International Airport",Pereira,Colombia,PEI
"Beijing Capital International Airport",Beijing,China,PEK
"Penang International Airport",Penang,Malaysia,PEN
"Perth Airport",Perth,Australia,PER
"Bacha Khan International Airport",Peshawar,Pakistan,PEW
"Paphos International Airport",Paphos,Cyprus,PFO
"Pitt-Greenville Airport",Greenville,"United States",PGV
"Port Harcourt International Airport","Port Harcourt",Nigeria,PHC
"Port Hedland International Airport","Port Hedland",Australia,PHE
"Newport News/Williamsburg International Airport","Newport News","United States",PHF
"Phoenix Sky Harbor International Airport",Phoenix,"United States",PHX
"General Wayne A. Downing Peoria International Airport",Peoria,"United States",PIA
"Hattiesburg-Laurel Regional Airport",Hattiesburg,"United States",PIB
"St. Pete-Clearwater International Airport","St. Petersburg","United States",PIE
"Pocatello Regional Airport",Pocatello,"United States",PIH
"Glasgow Prestwick Airport",Glasgow,"United Kingdom",PIK
"Pierre Regional Airport",Pierre,"United States",PIR
"Pittsburgh International Airport",Pittsburgh,"United States",PIT
"Capitan FAP Guillermo Concha Iberico International Airport",Piura,Peru,PIU
"Yelizovo Airport",Petropavlovsk-Kamchatsky,Russia,PKC
"Pokhara International Airport",Pokhara,Nepal,PKR
"Sultan Syarif Kasim II International Airport",Pekanbaru,Indonesia,PKU
"Beijing Daxing International Airport",Beijing,China,PKX
"Sultan Mahmud Badaruddin II International Airport",Palembang,Indonesia,PLM
"Pellston Regional Airport",Pellston,"United States",PLN
"Plovdiv Airport",Plovdiv,Bulgaria,PLO
"Palanga International Airport",Palanga,Lithuania,PLQ
"Providenciales International Airport",Providenciales,"Turks and Caicos Islands",PLS
"Chief Dawid Stuurman International Airport","Port Elizabeth","South Africa",PLZ
"El Tepual International Airport","Puerto Montt",Chile,PMC
"Palma de Mallorca Airport","Palma de Mallorca",Spain,PMI
"Falcone-Borsellino Airport",Palermo,Italy,PMO
"Palmerston North Airport","Palmerston North","New Zealand",PMR
"Del Caribe Santiago Marino International Airport",Porlamar,Venezuela,PMV
"Palmas Airport",Palmas,Brazil,PMW
"Phnom Penh International Airport","Phnom Penh",Cambodia,PNH
"Pohnpei International Airport",Pohnpei,Micronesia,PNI
"Supadio Airport",Pontianak,Indonesia,PNK
"Pune Airport",Pune,India,PNQ
"Antonio Agostinho Neto International Airport",Pointe-Noire,"Republic of the Congo",PNR
"Pensacola International Airport",Pensacola,"United States",PNS
"Salgado Filho International Airport","Porto Alegre",Brazil,POA
"Port-Gentil Airport",Port-Gentil,Gabon,POG
"Gregorio Luperon International Airport","Puerto Plata","Dominican Republic",POP
"Piarco International Airport","Port of Spain","Trinidad and Tobago",POS
"Poznan-Lawica Airport",Poznan,Poland,POZ
"Pago Pago International Airport","Pago Pago","American Samoa",PPG
"Whitsunday Coast Airport",Proserpine,Australia,PPP
"Puerto Princesa International Airport","Puerto Princesa",Philippines,PPS
"Faa'a International Airport",Papeete,"French Polynesia",PPT
"Phu Quoc International Airport","Phu Quoc",Vietnam,PQC
"Presque Isle International Airport","Presque Isle","United States",PQI
"Prescott Regional Airport",Prescott,"United States",PRC
"Vaclav Havel Airport Prague",Prague,"Czech Republic",PRG
"Pristina International Airport",Pristina,Kosovo,PRN
"Pisa International Airport",Pisa,Italy,PSA
"Tri-Cities Airport",Pasco,"United States",PSC
"Petersburg James A. Johnson Airport",Petersburg,"United States",PSG
"Palm Springs International Airport","Palm Springs","United States",PSP
"Libertador General Jose de San Martin Airport",Posadas,Argentina,PSS
"Pointe-a-Pitre International Airport",Pointe-a-Pitre,Guadeloupe,PTP
"Tocumen International Airport","Panama City",Panama,PTY
"Pueblo Memorial Airport",Pueblo,"United States",PUB
"Punta Cana International Airport","Punta Cana","Dominican Republic",PUJ
"Carlos Ibanez del Campo International Airport","Punta Arenas",Chile,PUQ
"Gimhae International Airport",Busan,"South Korea",PUS
"Pullman-Moscow Regional Airport",Pullman,"United States",PUW
"Pula Airport",Pula,Croatia,PUY
"T.F. Green International Airport",Providence,"United States",PVD
"Shanghai Pudong International Airport",Shanghai,China,PVG
"Governador Jorge Teixeira de Oliveira International Airport","Porto Velho",Brazil,PVH
"Aktion National Airport",Preveza,Greece,PVK
"Licenciado Gustavo Diaz Ordaz International Airport","Puerto Vallarta",Mexico,PVR
"Portland International Jetport",Portland,"United States",PWM
"Puerto Escondido International Airport","Puerto Escondido",Mexico,PXM
"Queretaro Intercontinental Airport",Queretaro,Mexico,QRO
"Nelson Mandela International Airport",Praia,"Cape Verde",RAI
"Rajkot Airport",Rajkot,India,RAJ
"Marrakech Menara Airport",Marrakech,Morocco,RAK
"Rapid City Regional Airport","Rapid City","United States",RAP
"Rarotonga International Airport",Rarotonga,"Cook Islands",RAR
"Rabat-Sale Airport",Rabat,Morocco,RBA
"Placido de Castro International Airport","Rio Branco",Brazil,RBR
"Redding Municipal Airport",Redding,"United States",RDD
"Redmond Municipal Airport",Redmond,"United States",RDM
"Raleigh-Durham International Airport",Raleigh/Durham,"United States",RDU
"Guararapes International Airport",Recife,Brazil,REC
"Reggio Calabria Airport","Reggio Calabria",Italy,REG
"Almirante Marco Andres Zar Airport",Trelew,Argentina,REL
"Siem Reap International Airport","Siem Reap",Cambodia,REP
"Resistencia International Airport",Resistencia,Argentina,RES
"Reus Airport",Reus,Spain,REU
"Yangon International Airport",Yangon,Myanmar,RGN
"Rhodes International Airport",Rhodes,Greece,RHO
"Richmond International Airport",Richmond,"United States",RIC
"Riverton Regional Airport",Riverton,"United States",RIW
"Riga International Airport",Riga,Latvia,RIX
"Rijeka Airport",Rijeka,Croatia,RJK
"Knox County Regional Airport",Rockland,"United States",RKD
"Rock Springs-Sweetwater County Airport","Rock Springs","United States",RKS
"Ras Al Khaimah International Airport","Ras Al Khaimah","United Arab Emirates",RKT
"Reykjavik Airport",Reykjavik,Iceland,RKV
"Federico Fellini International Airport",Rimini,Italy,RMI
"Taichung International Airport",Taichung,Taiwan,RMQ
"Ronneby Airport",Ronneby,Sweden,RNB
"Reno-Tahoe International Airport",Reno,"United States",RNO
"Rennes-Saint-Jacques Airport",Rennes,France,RNS
"Roanoke-Blacksburg Regional Airport",Roanoke,"United States",ROA
"Roberts International Airport",Monrovia,Liberia,ROB
"Greater Rochester International Airport",Rochester,"United States",ROC
"Rockhampton Airport",Rockhampton,Australia,ROK
"Rota International Airport",Rota,"Northern Mariana Islands",ROP
"Roman Tmetuchl International Airport",Koror,Palau,ROR
"Islas Malvinas International Airport",Rosario,Argentina,ROS
"Rotorua Airport",Rotorua,"New Zealand",ROT
"Platov International Airport",Rostov-on-Don,Russia,ROV
"Swami Vivekananda Airport",Raipur,India,RPR
"Rochester International Airport",Rochester,"United States",RST
"Yeosu Airport",Yeosu,"South Korea",RSU
"Southwest Florida International Airport","Fort Myers","United States",RSW
"Juan Manuel Galvez International Airport",Roatan,Honduras,RTB
"Rotterdam The Hague Airport",Rotterdam,Netherlands,RTM
"King Khalid International Airport",Riyadh,"Saudi Arabia",RUH
"Roland Garros Airport",Saint-Denis,Reunion,RUN
"Rutland Southern Vermont Regional Airport",Rutland,"United States",RUT
"Rovaniemi Airport",Rovaniemi,Finland,RVN
"Rzeszow-Jasionka Airport",Rzeszow,Poland,RZE
"Monsenor Oscar Arnulfo Romero International Airport","San Salvador","El Salvador",SAL
"San Diego International Airport","San Diego","United States",SAN
"Ramon Villeda Morales International Airport","San Pedro Sula",Honduras,SAP
"San Antonio International Airport","San Antonio","United States",SAT
"Savannah/Hilton Head International Airport",Savannah,"United States",SAV
"Istanbul Sabiha Gokcen International Airport",Istanbul,Turkey,SAW
"Santa Barbara Airport","Santa Barbara","United States",SBA
"South Bend International Airport","South Bend","United States",SBN
"San Luis Obispo County Regional Airport","San Luis Obispo","United States",SBP
"Sibu Airport",Sibu,Malaysia,SBW
"Salisbury-Ocean City Wicomico Regional Airport",Salisbury,"United States",SBY
"Sibiu International Airport",Sibiu,Romania,SBZ
"Arturo Merino Benitez International Airport",Santiago,Chile,SCL
"Santiago de Compostela Airport","Santiago de Compostela",Spain,SCQ
"Antonio Maceo International Airport","Santiago de Cuba",Cuba,SCU
"Louisville Muhammad Ali International Airport",Louisville,"United States",SDF
"Sendai Airport",Sendai,Japan,SDJ
"Sandakan Airport",Sandakan,Malaysia,SDK
"Las Americas International Airport","Santo Domingo","Dominican Republic",SDQ
"Seve Ballesteros-Santander Airport",Santander,Spain,SDR
"Santos Dumont Airport","Rio de Janeiro",Brazil,SDU
"Seattle-Tacoma International Airport",Seattle,"United States",SEA
"London Southend Airport",London,"United Kingdom",SEN
"Seychelles International Airport",Mahe,Seychelles,SEZ
"San Francisco International Airport","San Francisco","United States",SFO
"Springfield-Branson National Airport",Springfield,"United States",SGF
"Tan Son Nhat International Airport","Ho Chi Minh City",Vietnam,SGN
"St. George Regional Airport","St. George","United States",SGU
"Shanghai Hongqiao International Airport",Shanghai,China,SHA
"Shenandoah Valley Regional Airport",Staunton,"United States",SHD
"Shenyang Taoxian International Airport",Shenyang,China,SHE
"Sharjah International Airport",Sharjah,"United Arab Emirates",SHJ
"Nanki-Shirahama Airport",Shirahama,Japan,SHM
"Sheridan County Airport",Sheridan,"United States",SHR
"Shreveport Regional Airport",Shreveport,"United States",SHV
"Amilcar Cabral International Airport",Sal,"Cape Verde",SID
"Singapore Changi Airport",Singapore,Singapore,SIN
"Sitka Rocky Gutierrez Airport",Sitka,"United States",SIT
"San Jose International Airport","San Jose","United States",SJC
"Los Cabos International Airport","San Jose del Cabo",Mexico,SJD
"Sarajevo International Airport",Sarajevo,"Bosnia and Herzegovina",SJJ
"Juan Santamaria International Airport","San Jose","Costa Rica",SJO
"San Angelo Regional Airport","San Angelo","United States",SJT
"Luis Munoz Marin International Airport","San Juan","United States",SJU
"Shijiazhuang Zhengding International Airport",Shijiazhuang,China,SJW
"Robert L. Bradshaw International Airport",Basseterre,"Saint Kitts and Nevis",SKB
"Samarkand International Airport",Samarkand,Uzbekistan,SKD
"Thessaloniki Airport",Thessaloniki,Greece,SKG
"Skopje International Airport",Skopje,"North Macedonia",SKP
"Sialkot International Airport",Sialkot,Pakistan,SKT
"Martin Miguel de Guemes International Airport",Salta,Argentina,SLA
"Salt Lake City International Airport","Salt Lake City","United States",SLC
"Salalah Airport",Salalah,Oman,SLL
"Ponciano Arriaga International Airport","San Luis Potosi",Mexico,SLP
"George F. L. Charles Airport",Castries,"Saint Lucia",SLU
"Marechal Cunha Machado International Airport","Sao Luis",Brazil,SLZ
"Sacramento International Airport",Sacramento,"United States",SMF
"Samos International Airport",Samos,Greece,SMI
"Simon Bolivar International Airport","Santa Marta",Colombia,SMR
"John Wayne Airport","Santa Ana","United States",SNA
"Shannon Airport",Shannon,Ireland,SNN
"Adisumarmo International Airport",Surakarta,Indonesia,SOC
"Sofia Airport",Sofia,Bulgaria,SOF
"Southampton Airport",Southampton,"United Kingdom",SOU
"Abraham Lincoln Capital Airport",Springfield,"United States",SPI
"Saipan International Airport",Saipan,"Northern Mariana Islands",SPN
"Wichita Falls Regional Airport","Wichita Falls","United States",SPS
"Split Airport",Split,Croatia,SPU
"Alcantari International Airport",Sucre,Bolivia,SRE
"Ahmad Yani International Airport",Semarang,Indonesia,SRG
"Sarasota Bradenton International Airport",Sarasota,"United States",SRQ
"Deputado Luis Eduardo Magalhaes International Airport",Salvador,Brazil,SSA
"Malabo International Airport",Malabo,"Equatorial Guinea",SSG
"Sharm el-Sheikh International Airport","Sharm el-Sheikh",Egypt,SSH
"St. Cloud Regional Airport","St. Cloud","United States",STC
"Cibao International Airport",Santiago,"Dominican Republic",STI
"St. Louis Lambert International Airport","St. Louis","United States",STL
"Maestro Wilson Fonseca Airport",Santarem,Brazil,STM
"London Stansted Airport",London,"United Kingdom",STN
"Stuttgart Airport",Stuttgart,Germany,STR
"Charles M. Schulz Sonoma County Airport","Santa Rosa","United States",STS
"Cyril E. King Airport","Charlotte Amalie","United States",STT
"Surat Airport",Surat,India,STV
"Henry E. Rohlsen Airport",Christiansted,"United States",STX
"Juanda International Airport",Surabaya,Indonesia,SUB
"Lamezia Terme International Airport","Lamezia Terme",Italy,SUF
"Satu Mare International Airport","Satu Mare",Romania,SUJ
"Sulaymaniyah International Airport",Sulaymaniyah,Iraq,SUL
"Friedman Memorial Airport",Hailey,"United States",SUN
"Nausori International Airport",Suva,Fiji,SUV
"Sioux Gateway Airport","Sioux City","United States",SUX
"Argyle International Airport",Kingstown,"Saint Vincent and the Grenadines",SVD
"Stavanger Airport",Stavanger,Norway,SVG
"Sheremetyevo International Airport",Moscow,Russia,SVO
"Seville Airport",Seville,Spain,SVQ
"Koltsovo Airport",Yekaterinburg,Russia,SVX
"New York Stewart International Airport",Newburgh,"United States",SWF
"Strasbourg Airport",Strasbourg,France,SXB
"Princess Juliana International Airport",Philipsburg,"Sint Maarten",SXM
"Srinagar International Airport",Srinagar,India,SXR
"Sydney Kingsford Smith Airport",Sydney,Australia,SYD
"Syracuse Hancock International Airport",Syracuse,"United States",SYR
"Sanya Phoenix International Airport",Sanya,China,SYX
"Shiraz International Airport",Shiraz,Iran,SYZ
"Sultan Abdul Aziz Shah Airport","Kuala Lumpur",Malaysia,SZB
"Samsun-Carsamba Airport",Samsun,Turkey,SZF
"Salzburg Airport",Salzburg,Austria,SZG
"Shenzhen Bao'an International Airport",Shenzhen,China,SZX
"Solidarity Szczecin-Goleniow Airport",Szczecin,Poland,SZZ
"A.N.R. Robinson International Airport",Scarborough,"Trinidad and Tobago",TAB
"Daniel Z. Romualdez Airport",Tacloban,Philippines,TAC
"Daegu International Airport",Daegu,"South Korea",TAE
"Panglao International Airport",Tagbilaran,Philippines,TAG
"Takamatsu Airport",Takamatsu,Japan,TAK
"General Francisco Javier Mina International Airport",Tampico,Mexico,TAM
"Qingdao Jiaodong International Airport",Qingdao,China,TAO
"Islam Karimov Tashkent International Airport",Tashkent,Uzbekistan,TAS
"Dong Tac Airport","Tuy Hoa",Vietnam,TBB
"Tbilisi International Airport",Tbilisi,Georgia,TBS
"Fua'amotu International Airport",Nuku'alofa,Tonga,TBU
"Tabriz International Airport",Tabriz,Iran,TBZ
"Coronel FAP Carlos Ciriani Santa Rosa International Airport",Tacna,Peru,TCQ
"Jorge Henrich Arauz Airport",Trinidad,Bolivia,TDD
"Lajes Field","Terceira Island",Portugal,TER
"Tenerife North Airport",Tenerife,Spain,TFN
"Tenerife South Airport",Tenerife,Spain,TFS
"Chengdu Tianfu International Airport",Chengdu,China,TFU
"Podgorica Airport",Podgorica,Montenegro,TGD
"Sultan Mahmud Airport","Kuala Terengganu",Malaysia,TGG
"Toncontin International Airport",Tegucigalpa,Honduras,TGU
"Angel Albino Corzo International Airport","Tuxtla Gutierrez",Mexico,TGZ
"Senador Petronio Portella Airport",Teresina,Brazil,THE
"Mehrabad International Airport",Tehran,Iran,THR
"Tirana International Airport",Tirana,Albania,TIA
"Taif International Airport",Taif,"Saudi Arabia",TIF
"Tijuana International Airport",Tijuana,Mexico,TIJ
"Mitiga International Airport",Tripoli,Libya,TIP
"Tirupati Airport",Tirupati,India,TIR
"Tivat Airport",Tivat,Montenegro,TIV
"Roshchino International Airport",Tyumen,Russia,TJM
"Chuuk International Airport",Weno,Micronesia,TKK
"Tokushima Airport",Tokushima,Japan,TKS
"Turku Airport",Turku,Finland,TKU
"Tallahassee International Airport",Tallahassee,"United States",TLH
"Tallinn Airport",Tallinn,Estonia,TLL
"Toulouse-Blagnac Airport",Toulouse,France,TLS
"Ben Gurion International Airport","Tel Aviv",Israel,TLV
"Tampere-Pirkkala Airport",Tampere,Finland,TMP
"Tamworth Regional Airport",Tamworth,Australia,TMW
"Tangier Ibn Battouta Airport",Tangier,Morocco,TNG
"Tainan Airport",Tainan,Taiwan,TNN
"Ivato International Airport",Antananarivo,Madagascar,TNR
"Toledo Express Airport",Toledo,"United States",TOL
"Tromso Airport",Tromso,Norway,TOS
"Toyama Airport",Toyama,Japan,TOY
"Tampa International Airport",Tampa,"United States",TPA
"Taiwan Taoyuan International Airport",Taipei,Taiwan,TPE
"Amado Nervo National Airport",Tepic,Mexico,TPQ
"Trapani Birgi Airport",Trapani,Italy,TPS
"Trondheim Airport",Trondheim,Norway,TRD
"Tauranga Airport",Tauranga,"New Zealand",TRG
"Tri-Cities Regional Airport",Blountville,"United States",TRI
"Juwata International Airport",Tarakan,Indonesia,TRK
"Turin Airport",Turin,Italy,TRN
"Trieste Friuli Venezia Giulia Airport",Trieste,Italy,TRS
"Capitan FAP Carlos Martinez de Pinillos International Airport",Trujillo,Peru,TRU
"Trivandrum International Airport",Thiruvananthapuram,India,TRV
"Bonriki International Airport",Tarawa,Kiribati,TRW
"Tiruchirappalli International Airport",Tiruchirappalli,India,TRZ
"Taipei Songshan Airport",Taipei,Taiwan,TSA
"Treviso Airport",Treviso,Italy,TSF
"Tianjin Binhai International Airport",Tianjin,China,TSN
"Timisoara Traian Vuia International Airport",Timisoara,Romania,TSR
"Townsville Airport",Townsville,Australia,TSV
"Tottori Sand Dunes Conan Airport",Tottori,Japan,TTJ
"Trenton-Mercer Airport",Trenton,"United States",TTN
"Teniente General Benjamin Matienzo International Airport","San Miguel de Tucuman",Argentina,TUC
"Tulsa International Airport",Tulsa,"United States",TUL
"Tunis-Carthage International Airport",Tunis,Tunisia,TUN
"Taupo Airport",Taupo,"New Zealand",TUO
"Tupelo Regional Airport",Tupelo,"United States",TUP
"Tucson International Airport",Tucson,"United States",TUS
"Tabuk Regional Airport",Tabuk,"Saudi Arabia",TUU
"Cherry Capital Airport","Traverse City","United States",TVC
"Magic Valley Regional Airport","Twin Falls","United States",TWF
"Tawau Airport",Tawau,Malaysia,TWU
"Texarkana Regional Airport",Texarkana,"United States",TXK
"Taiyuan Wusu International Airport",Taiyuan,China,TYN
"Tyler Pounds Regional Airport",Tyler,"United States",TYR
"McGhee Tyson Airport",Knoxville,"United States",TYS
"Trabzon Airport",Trabzon,Turkey,TZX
"Kitakyushu Airport",Kitakyushu,Japan,UBJ
"Ubon Ratchathani Airport","Ubon Ratchathani",Thailand,UBP
"Uberlandia Airport",Uberlandia,Brazil,UDI
"Maharana Pratap Airport",Udaipur,India,UDR
"Quetta International Airport",Quetta,Pakistan,UET
"Ufa International Airport",Ufa,Russia,UFA
"Phu Cat Airport","Quy Nhon",Vietnam,UIH
"Quincy Regional Airport",Quincy,"United States",UIN
"Mariscal Sucre International Airport",Quito,Ecuador,UIO
"Chinggis Khaan International Airport",Ulaanbaatar,Mongolia,ULN
"Umea Airport",Umea,Sweden,UME
"Sultan Hasanuddin International Airport",Makassar,Indonesia,UPG
"Urumqi Diwopu International Airport",Urumqi,China,URC
"Malvinas Argentinas Airport",Ushuaia,Argentina,USH
"Koh Samui Airport","Koh Samui",Thailand,USM
"Ulsan Airport",Ulsan,"South Korea",USN
"Francisco B. Reyes Airport",Busuanga,Philippines,USU
"Udon Thani International Airport","Udon Thani",Thailand,UTH
"U-Tapao International Airport",Pattaya,Thailand,UTP
"Yuzhno-Sakhalinsk Airport",Yuzhno-Sakhalinsk,Russia,UUS
"Hewanorra International Airport","Vieux Fort","Saint Lucia",UVF
"Vaasa Airport",Vaasa,Finland,VAA
"Ferit Melen Airport",Van,Turkey,VAN
"Varna Airport",Varna,Bulgaria,VAR
"Visby Airport",Visby,Sweden,VBY
"Can Tho International Airport","Can Tho",Vietnam,VCA
"Venice Marco Polo Airport",Venice,Italy,VCE
"Viracopos International Airport",Campinas,Brazil,VCP
"Van Don International Airport","Quang Ninh",Vietnam,VDO
"Vernal Regional Airport",Vernal,"United States",VEL
"General Heriberto Jara International Airport",Veracruz,Mexico,VER
"Victoria Falls International Airport","Victoria Falls",Zimbabwe,VFA
"Vigo Airport",Vigo,Spain,VGO
"Vienna International Airport",Vienna,Austria,VIE
"Vinh Airport",Vinh,Vietnam,VII
"Eurico de Aguiar Salles Airport",Vitoria,Brazil,VIX
"Vnukovo International Airport",Moscow,Russia,VKO
"Valencia Airport",Valencia,Spain,VLC
"Valdosta Regional Airport",Valdosta,"United States",VLD
"Bauerfield International Airport","Port Vila",Vanuatu,VLI
"Arturo Michelena International Airport",Valencia,Venezuela,VLN
"Vilnius Airport",Vilnius,Lithuania,VNO
"Lal Bahadur Shastri International Airport",Varanasi,India,VNS
"Volgograd International Airport",Volgograd,Russia,VOG
"Destin-Fort Walton Beach Airport",Valparaiso,"United States",VPS
"Juan Gualberto Gomez International Airport",Varadero,Cuba,VRA
"Verona Villafranca Airport",Verona,Italy,VRN
"Carlos Rovirosa Perez International Airport",Villahermosa,Mexico,VSA
"Wattay International Airport",Vientiane,Laos,VTE
"Visakhapatnam Airport",Visakhapatnam,India,VTZ
"Viru Viru International Airport","Santa Cruz",Bolivia,VVI
"Vladivostok International Airport",Vladivostok,Russia,VVO
"Warsaw Chopin Airport",Warsaw,Poland,WAW
"Hosea Kutako International Airport",Windhoek,Namibia,WDH
"Wagga Wagga Airport","Wagga Wagga",Australia,WGA
"Whakatane Airport",Whakatane,"New Zealand",WHK
"Wakkanai Airport",Wakkanai,Japan,WKJ
"Wellington International Airport",Wellington,"New Zealand",WLG
"Wenzhou Longwan International Airport",Wenzhou,China,WNZ
"Whangarei Airport",Whangarei,"New Zealand",WRE
"Wrangell Airport",Wrangell,"United States",WRG
"Copernicus Airport Wroclaw",Wroclaw,Poland,WRO
"Wuhan Tianhe International Airport",Wuhan,China,WUH
"Yellowstone Airport","West Yellowstone","United States",WYS
"Xi'an Xianyang International Airport",Xi'an,China,XIY
"Xiamen Gaoqi International Airport",Xiamen,China,XMN
"Northwest Arkansas National Airport",Fayetteville/Springdale,"United States",XNA
"Xining Caojiabao Airport",Xining,China,XNN
"Jerez Airport","Jerez de la Frontera",Spain,XRY
"Yakutat Airport",Yakutat,"United States",YAK
"Sault Ste. Marie Airport","Sault Ste. Marie",Canada,YAM
"Yap International Airport",Yap,Micronesia,YAP
"Deer Lake Regional Airport","Deer Lake",Canada,YDF
"Edmonton International Airport",Edmonton,Canada,YEG
"Iqaluit Airport",Iqaluit,Canada,YFB
"Fredericton International Airport",Fredericton,Canada,YFC
"Miho Yonago Airport",Yonago,Japan,YGJ
"Kingston Norman Rogers Airport",Kingston,Canada,YGK
"John C. Munro Hamilton International Airport",Hamilton,Canada,YHM
"Halifax Stanfield International Airport",Halifax,Canada,YHZ
"Kamloops Airport",Kamloops,Canada,YKA
"Region of Waterloo International Airport",Kitchener,Canada,YKF
"Yakima Air Terminal",Yakima,"United States",YKM
"Yakutsk Airport",Yakutsk,Russia,YKS
"Kelowna International Airport",Kelowna,Canada,YLW
"Fort McMurray Airport","Fort McMurray",Canada,YMM
"Prince Abdul Mohsin bin Abdulaziz Airport",Yanbu,"Saudi Arabia",YNB
"Youngstown-Warren Regional Airport",Youngstown,"United States",YNG
"Yantai Penglai International Airport",Yantai,China,YNT
"Ottawa Macdonald-Cartier International Airport",Ottawa,Canada,YOW
"Prince Rupert Airport","Prince Rupert",Canada,YPR
"Quebec City Jean Lesage International Airport","Quebec City",Canada,YQB
"Windsor International Airport",Windsor,Canada,YQG
"Greater Moncton Romeo LeBlanc International Airport",Moncton,Canada,YQM
"Regina International Airport",Regina,Canada,YQR
"Thunder Bay International Airport","Thunder Bay",Canada,YQT
"Gander International Airport",Gander,Canada,YQX
"Sydney/J.A. Douglas McCurdy Airport",Sydney,Canada,YQY
"Sudbury Airport",Sudbury,Canada,YSB
"Saint John Airport","Saint John",Canada,YSJ
"Timmins Victor M. Power Airport",Timmins,Canada,YTS
"Montreal-Pierre Elliott Trudeau International Airport",Montreal,Canada,YUL
"Yuma International Airport",Yuma,"United States",YUM
"Vancouver International Airport",Vancouver,Canada,YVR
"Winnipeg James Armstrong Richardson International Airport",Winnipeg,Canada,YWG
"Cranbrook Canadian Rockies International Airport",Cranbrook,Canada,YXC
"Saskatoon John G. Diefenbaker International Airport",Saskatoon,Canada,YXE
"Prince George Airport","Prince George",Canada,YXS
"London International Airport",London,Canada,YXU
"Erik Nielsen Whitehorse International Airport",Whitehorse,Canada,YXY
"Calgary International Airport",Calgary,Canada,YYC
"Victoria International Airport",Victoria,Canada,YYJ
"St. John's International Airport","St. John's",Canada,YYT
"Toronto Pearson International Airport",Toronto,Canada,YYZ
"Yellowknife Airport",Yellowknife,Canada,YZF
"Zadar Airport",Zadar,Croatia,ZAD
"Zagreb Airport",Zagreb,Croatia,ZAG
"Zamboanga International Airport",Zamboanga,Philippines,ZAM
"Zaragoza Airport",Zaragoza,Spain,ZAZ
"General Leobardo C. Ruiz International Airport",Zacatecas,Mexico,ZCL
"La Araucania Airport",Temuco,Chile,ZCO
"Ixtapa-Zihuatanejo International Airport",Ixtapa,Mexico,ZIH
"Abeid Amani Karume International Airport",Zanzibar,Tanzania,ZNZ
"Queenstown Airport",Queenstown,"New Zealand",ZQN
"Zurich Airport",Zurich,Switzerland,ZRH
"Zakynthos International Airport",Zakynthos,Greece,ZTH
"Zhuhai Jinwan Airport",Zhuhai,China,ZUH
"Osmani International Airport",Sylhet,Bangladesh,ZYL
