category,title,url
"自研工具","货代服务商","https://www.forwarderspn.com/"
"自研工具","货代知识库","https://get.huodaiagent.com/"
"自研工具","货代地图","https://map.huodaiagent.com/"
"自研工具","56calls","https://56calls.com/"
"自研工具","代付税金 50一票","https://payduty.huodaiagent.com/"
"自研工具","货币汇率兑换","https://currency-exchange.huodaiagent.com/"
"自研工具","货代群","https://forwarder-group.huodaiagent.com/"
"自研工具","MID生成器","http://mid.huodaiagent.com/"
"自研工具","DO生成系统","https://do.huodaiagent.com/"
"国际空运","空运 快递 专线","https://www.17track.net/en"
"国际空运","Track-trace","https://www.track-trace.com/aircargo"
"国际空运","Air cargo tracking","https://www.utopiax.org/"
"国际空运","51Tracking","https://www.51tracking.com/aircargo/cn/"
"国际空运","Alltrack","https://alltrack.org/"
"国际空运","FlightStates","https://www.flightstats.com/v2/"
"国际空运","flightaware","https://flightaware.com/"
"国际空运","Flightradar24","https://www.flightradar24.com/42.62,25.52/6"
"国际空运","Planefinder","https://planefinder.net/"
"国际空运","Radarbox","https://www.radarbox.com/"
"国际空运","IATA Airline","https://www.iata.org/en/about/members/airline-list/"
"国际空运","航司代码查询","http://www.likecha.com/tools/globalAirlines.html"
"国际空运","国际机场","https://www.5688.com.cn/airport/"
"国际空运","西岸三字代码","https://www.seabay.cn/cn/code/"
"国际空运","World Airport Codes","https://www.world-airport-codes.com/"
"国际空运","机型库","http://data.carnoc.com/aircraft/type/index.html"
"国际空运","飞行线路制图","http://gc.kls2.com/"
"国际空运","Planespotters","https://www.planespotters.net/airlines/country"
"国际空运","管制代理人登記册RAcode","https://www.cad.gov.hk/chinese/newrar_rareg.html"
"国际空运","香港货运燃油附加费","https://www.cad.gov.hk/sc/previous_surcharge.html"
"国际空运","深圳货站","https://www.iccs.com.cn/"
"国际空运","深圳机场航空物流","https://saictl.szairport.com/portal/"
"国际空运","深圳机场航空物流","https://logistics.szairport.com/#/home"
"国际空运","香港货站","https://www.hactl.com/zh-hk"
"国际空运","香港AAT Asia Airfreight Terminal","https://www.aat.com.hk/zh-hans"
"国际空运","香港机场客运","https://www.hongkongairport.com/sc/flights/departures/cargo.page"
"国际空运","上海货站","https://www.pactl.com.cn/cn/index.html"
"国际空运","北京空港BGS","http://chaxun.bgscargo.com.cn/int/openShipmentStatusForSingleAWB"
"国际空运","首都机场货站","http://cargo.bdia.com.cn/portal/infoCenter/index"
"国际空运","广州货站","https://www.byact.net/canPortal/portal/home"
"国际空运","郑州货站","https://www.zzcargo.com/query/1"
"国际空运","元翔厦门空港","http://www.xiamenairport.com.cn/hkhy/hkhy.aspx"
"国际空运","四川成都双流机场","http://222.209.86.130:8082/#/search"
"国际空运","鄂州顺嘉货站","https://ehu.inn.sf-express.com/cn/index.html"
"国际空运","栎社国际机场","https://www.nbairport.com/articles/55226075197739040"
"国际空运","CZ 784","https://tang.csair.com/WebFace/Tang.WebFace.Cargo/AgentAwbBrower.aspx?menuID=1"
"国际空运","CA 999","https://www.airchinacargo.com/cargo_en/gzcx/hkyd/list/index_pc.html"
"国际空运","O3 921","https://fenghuang.sf-airlines.com/#/CargoTracking.html"
"国际空运","顺丰航空","https://www.sf-airlines.com/sfa/zh/index.html"
"国际空运","MU 781","http://cargo2.ceair.com/mu/"
"国际空运","MU 781","https://www.eal-ceair.com/"
"国际空运","CK 112","https://www.ckair.com/index.html"
"国际空运","YG 860 无法追踪","https://www.ytoglobal.com/service/flight"
"国际空运","3U 876","https://cargonest.sal-sichuanair.com/processTracking"
"国际空运","SC 324","https://www.sda.cn/transport/specialGoods/"
"国际空运","EK 176","https://eskycargo.emirates.com/app/offerandorder/#/home/find-offer"
"国际空运","EY 607","https://www.etihadcargo.com/en"
"国际空运","CX 160","https://www.cathaycargo.com/en-us/track-and-trace.html?cxsource=TOP-NAV_1_1_1"
"国际空运","国泰货站入库查询","https://wosext.cpsl.com.hk/EXTWOSWEB/ac/external/imp/ShipmentTrackingSearch"
"国际空运","CV 172","https://www.cargolux.com/"
"国际空运","HU 880  JD 898","https://www.hnacargo.com/Portal2/Index.aspx"
"国际空运","JG 619","https://www.jdairlines.com/"
"国际空运","ZH 479","https://cargo.shenzhenair.com/Query/AwbSearch.aspx"
"国际空运","CI 297","https://cargo.china-airlines.com/ccnetv2/content/home/index.aspx"
"国际空运","UL 603","https://srilankancargo.ibsplc.aero/icargoneoportal/app/main/#/app"
"国际空运","GA 126","https://cargo.garuda-indonesia.com/Content-Detail/127"
"国际空运","NH 205","https://www.anacargo.jp/en/int/"
"国际空运","JL 131","https://www.jal.co.jp/en/jalcargo/inter/awb/"
"国际空运","KZ 933","https://www.nca.aero/e/index.html"
"国际空运","SQ 618","https://www.siacargo.com/"
"国际空运","DL 006","https://www.deltacargo.com/Cargo/trackShipment"
"国际空运","5Y 369","https://www.atlasair.com/cargo-services/track-and-trace/"
"国际空运","AA 001","https://www.aacargo.com/AACargo/tracking"
"国际空运","PO 403","https://www.polaraircargo.com/"
"国际空运","5X 406","https://www.aircargo.ups.com/en-us/tracking"
"国际空运","HA 173","https://www.hawaiianaircargo.com/"
"国际空运","7L 501","https://www.silkwaywest.com/"
"国际空运","TK 235","https://www.turkishcargo.com/en/online-services/shipment-tracking"
"国际空运","HX 851","https://www.hongkongairlines.com/en_HK/hx/homepage"
"国际空运","RH 828","https://www.hkaircargo.com/"
"国际空运","BR 695","https://www.brcargo.com/NEC_WEB/Tracking/QuickTracking/Index"
"国际空运","MH 232","https://www.maskargo.com/"
"国际空运","MB 716","https://www.mngairlines.com/"
"国际空运","LO 080","https://cargo-tracking.lot.com/"
"国际空运","QR 157","https://www.qrcargo.com/s/track-your-shipment"
"国际空运","QT 729","https://www.aviancacargo.com/index.aspx"
"国际空运","NZ 086","https://www.airnewzealandcargo.com/cargo-track-and-trace"
"国际空运","FJ 260 聚合追踪","https://track.champ.aero/fj"
"国际空运","5C 700","https://www.challenge-group.com/tracking/"
"国际空运","OZ 988","https://www.asianacargo.com/tracking/viewTraceAirWaybill.do?lang=en"
"国际空运","TG 217","https://chorus.thaicargo.com/skychain/app?service=page/nwp:Trackshipmt"
"国际空运","BA 125","https://www.iagcargo.com/en/home/"
"国际空运","KQ 706","https://www.kqcargo.com/#1"
"国际空运","SA 083","https://www.flysaa.com/about-us/leading-carrier/saa-cargo/track-a-shipment"
"国际空运","ET 071","https://cargo.ethiopianairlines.com/index"
"国际空运","ET 071 等39家航司追踪","https://www.freight.aero/index.asp"
"国际空运","AY 105","https://cargo.finnair.com/en"
"国际空运","OK 064","https://www.csa.cz/cz-en/cargo/#current_ti-tab-15471"
"国际空运","FI 108","https://www.icelandaircargo.is/en/"
"国际空运","UC 145","https://www.latamcargo.com/en/"
"国际空运","6R 134","https://www.aerounion.com.mx/icargoauportal/portal/loginFlow"
"国际空运","PR 079","https://www.philippineairlines.com/en/cargo"
"国际空运","PR 079","https://cargo.pal.com.ph/Tracking/AWB"
"国际空运","W8 489","https://km.cargojet.com/ords/f?p=102:857"
"国际空运","LH 020","https://www.lufthansa-cargo.com/eservices/etracking"
"国际空运","UA 016","https://www.unitedcargo.com/en/us/#"
"国际空运","GF 072","https://www.gulfair.com/cargo"
"国际空运","SV 065","https://saudiacargo.com/e-services/track-shipment"
"国际空运","D7 843","https://airasia.smartkargo.com/"
"国际空运","AK 807","https://airasia.smartkargo.com/"
"国际空运","TP 047","https://www.tapcargo.com/en"
"国际空运","D0 936","https://aviationcargo.dhl.com/"
"国际空运","W5 537","https://ic.saman-cargo.net/tracking"
"国际空运","6E 312","https://uat6ecargo.goindigo.in/"
"国际空运","T5 542","https://tua-cargo.crane.aero/cargo-tracking"
"国际空运","SG 775","https://www.spicexpress.com/"
"国际空运","A9 606","https://georgiancargo.co.uk/home#tracking"
"国际空运","3V 756","https://www.aslairlines.be/"
"国际空运","M6 810","https://mycargo.amerijet.com/tracking"
"国际空运","AM 139","https://amcargo.aeromexico.com/track"
"国际空运","KE 180","https://cargo.koreanair.com/en/tracking"
"国际空运","IA 073","https://www.ia-cargo.com/products"
"国际空运","JU 115","https://cargo.airserbia.com/en/Track%20your%20shipment"
"国际空运","AI 098","https://cargo.airindia.com/in/en/track-shipment.html"
"国际空运","K4 272","https://www.kalittaair.com/utilities/track-cargo"
"国际空运","QF 081","https://freight.qantas.com/us-en.html?tabId=track-freight"
"国际空运","KJ 994","https://cargoportal.airincheon.co.kr/tracking/viewTraceAirWaybill.do?lang=en"
"国际空运","PX 656","https://www.airniugini.com.pg/cargo/"
"国际空运","Y8 871","https://www.hnacargo.com/Portal2/AwbSearch.aspx"
"国际空运","WY 910","https://cargo.omanair.com/"
"国际空运","DE 881","https://www.condor.com/us/flight-preparation/baggage-and-animals/cargo-general-schedule.jsp#c154674"
"国际空运","40航司聚合查询 小众","https://pathfinder.digitalfactory.aero/881"
"国际空运","51航司聚合追踪","https://specificfreight.com.au/awb-tracking/"
"国际空运","全球空运货代TOP 100","https://www.ttnews.com/logistics/airfreight/2024"
"国际空运","Any Finder","https://www.acronymfinder.com/"
"国际空运","M3 549","https://www.latamcargo.com/"
"国际空运","GB 832","https://www.stratair.net/#!/tracking/"
"国际空运","A3 390","https://en.aegeanair.com/travel-information/cargo-services/"
"国际空运","EI 053 / 125","https://www.iagcargo.com/en/home"
"国际空运","SU 555","https://www.skyteam.com/en/cargo/track-shipment/"
"国际空运","JK 543","https://pathfinder.digitalfactory.aero/#/"
"国际空运","AR 044","http://cargo.aerolineas.com.ar/en-us"
"国际空运","6R 873","https://www.aviancacargomexico.com/icargoauportal/portal/loginFlow"
"国际空运","ZI 439","http://www.network-airline.com/"
"国际空运","AH 124","https://www.freight.aero/tracking.asp"
"国际空运","G9 514","https://airarabia-g9.ibsplc.aero/icargoneoportal/app/main/#/app"
"国际空运","I5 091","https://airasiaindia.cargoflash.com/Tracking/AWB"
"国际空运","KC 465","https://www.freight.aero/tracking.asp"
"国际空运","BT 657","https://www.airbaltic.com/en/cargo/online-services"
"国际空运","KF 142","https://pathfinder.digitalfactory.aero/"
"国际空运","BP 636","https://www.freight.aero/tracking.asp"
"国际空运","RU 580","https://www.airbridgecargo.com/en"
"国际空运","AC 014","https://www.aircanada.com/cargo/tracking"
"国际空运","VZ 510","https://www.freight.aero/tracking.asp"
"国际空运","UX 996","https://www.uxtracking.com/tracking.asp"
"国际空运","AF 057","https://www.afklcargo.com/mycargo/shipment/singlesearch"
"国际空运","GL 631","https://www.airgreenland.com/cargo/tracking-awb/"
"国际空运","LD 288","http://www.hactl.com/en-US/Home.aspx"
"国际空运","NX 675","https://www.infoccsp.com/iportal/DefaultEN.aspx"
"国际空运","MD 258","http://195.64.139.84/datacair.com/track-trace/index.php"
"国际空运","KM 643","https://www.freight.aero/tracking.asp"
"国际空运","MK 239","https://www.airmauritius.com/cargo/track-shipment"
"国际空运","X8 658","http://www.airmaxcargo.com.pe/AirsisWeb/tracking.xhtml"
"国际空运","9U 572","http://www.airmoldova.md/cargo-check-en/"
"国际空运","SW 186","https://www.strike.aero/"
"国际空运","YP 350","https://pathfinder.digitalfactory.aero/#/"
"国际空运","HC 490","https://airsenegal.smartkargo.com/Login.aspx"
"国际空运","HM 061","https://www.airseychelles.com/portals/cargotracker/"
"国际空运","TN 244","https://www.airtahitinui.com/nz-en/online-cargo-tracking"
"国际空运","TS 649","https://pathfinder.digitalfactory.aero/"
"国际空运","AS 027","https://cargo.alaskaair.com/Content/Tracking"
"国际空运","AZ 055","https://booking.ita-airways-cargo.com/#/trackAndTrace"
"国际空运","4W 574","https://nastracking.awery.com/"
"国际空运","KH 687","http://www.alohaaircargo.com/shipment-tracking/"
"国际空运","8V 485","https://network-airline.com/"
"国际空运","AV 134","https://www.aviancacargo.com/"
"国际空运","J2 771","https://www.azal.az/en/information/cargo/"
"国际空运","AD 577","https://azulcargoexpress.smartkargo.com/"
"国际空运","PG 829","https://icargonet.ibsplc.aero/pgportal/portal/trackshipments?&amp;trkTxnValue=829-"
"国际空运","B2 628","https://en.belavia.by/carriage_of_cargo/tracking/"
"国际空运","BG 997","https://www.freight.aero/tracking.asp"
"国际空运","E6 417","http://www.bringeraircargo.com/tracking/"
"国际空运","SN 082","https://www.freight.aero/tracking.asp"
"国际空运","FB 623","http://195.64.139.84/datacair.com/track-trace/index.php"
"国际空运","MO 622","https://cargo.calmair.com/WebContent/EN/CargoTracking"
"国际空运","P3 560","http://www.cargologicair.com/cargo-tracking/"
"国际空运","C8 356","https://www.cargolux.com/track-and-Trace"
"国际空运","BW 106","https://cargo.caribbean-airlines.com/#/track"
"国际空运","KX 378","http://www.newcaymancargo.com/"
"国际空运","5J 203","https://cebu.smartkargo.com/"
"国际空运","X7 744","https://www.challenge-group.com/tracking/"
"国际空运","X6 752","https://www.challenge-group.com/tracking/"
"国际空运","2C 003","https://pathfinder.digitalfactory.aero/#/"
"国际空运","CO 354","http://www.aiacargo.com/"
"国际空运","CM 230","http://www.copacargo.com/"
"国际空运","CD 503","https://pathfinder.digitalfactory.aero/"
"国际空运","SS 923","https://pathfinder.digitalfactory.aero/"
"国际空运","7C 575","http://www.coyneair.com/"
"国际空运","OU 831","https://www.freight.aero/tracking.asp"
"国际空运","D5 992","https://aviationcargo.dhl.com/"
"国际空运","ER 423","https://aviationcargo.dhl.com/"
"国际空运","ES 155","https://aviationcargo.dhl.com/"
"国际空运","QY 615","https://aviationcargo.dhl.com/"
"国际空运","KA 043","https://www.cathaypacificcargo.com/en-us/manageyourshipment/trackyourshipment.aspx"
"国际空运","MS 077","http://egyptair-cargo.com/home.htm"
"国际空运","LY 114","https://www.elal.com/en/Cargo/Pages/Online-Tracking.aspx"
"国际空运","E7 355","http://www.estafeta.com/services/cargo/air-cargo/tracking.aspx"
"国际空运","OV 960","http://www.sychene.com/Tracking.aspx"
"国际空运","FX 023","https://www.fedex.com/apps/fedextrack/"
"国际空运","FZ 141","http://prdcgofz.mercator.com/skychain/app?service=page/nwp:Trackshipmt"
"国际空运","5F 130","https://pathfinder.digitalfactory.aero/"
"国际空运","GY 013","http://195.64.139.84/datacair.com/track-trace/index.php"
"国际空运","5S 301","https://globalairt.com/cargo/"
"国际空运","G3 127","https://servicos.gollog.com.br/Home/Inicio"
"国际空运","IB 075","https://www.iagcargo.com/"
"国际空运","E9 783","https://pathfinder.digitalfactory.aero/"
"国际空运","7I 958","http://www.inselaircargo.com/Tracking.2561"
"国际空运","IR 096","https://www.freight.aero/tracking.asp"
"国际空运","7C 806","https://cargo.jejuair.net/cargo/main.do"
"国际空运","9W 589","http://cargo.jetairways.com/cargoview/"
"国际空运","QJ 508","http://www.jet-airways.com/"
"国际空运","TB 754","http://web.ana-aviation.com/"
"国际空运","0J 254","http://www.strike.aero/"
"国际空运","3K 375","http://jetstar.cargovision.ca/"
"国际空运","HO 018","http://cargo.juneyaoair.com/Index_en.aspx"
"国际空运","KL 074","https://www.afklcargo.com/mycargo/shipment/singlesearch"
"国际空运","KU 229","https://www.kuwaitairways.com/en/cargo/tracking"
"国际空运","LR 133","http://www.aviancacargo.com/"
"国际空运","LA 045","http://www.lancargo.com/"
"国际空运","XL 462","http://www.lancargo.com/"
"国际空运","LQ 961","https://corp.cambodia-airports.aero/en/cargo/phnom-penh-cargo-tracking"
"国际空运","4L 174","https://lascargo.com/en/tracking-en/"
"国际空运","JJ 957","https://www.latamcargo.com/en/trackshipment"
"国际空运","L7 976","https://www.latamcargo.com/en/trackshipment"
"国际空运","L7 985","https://www.latamcargo.com/en/trackshipment"
"国际空运","LI 140","http://www.liat.com/navSource.html?page_id=159"
"国际空运","ME 076","https://www.mea.com.lb/english/Plan-and-Book/Cargo"
"国际空运","OD 816","http://cargo.malindoair.com/AWBTracking.aspx"
"国际空运","AE 803","http://www.mandarin-airlines.com/cargo%5Fnew/index.htm"
"国际空运","MP 129","https://www.afklcargo.com/mycargo/shipment/singlesearch"
"国际空运","M7 865","https://masair.smartkargo.com/Login.aspx"
"国际空运","T8 137","http://www.mcs-aerocarga.com/trackingMam.php?Idioma=Ing"
"国际空运","4X 805","https://www.mercuryamericas.com/tracking.html"
"国际空运","CP 233","https://www.mscaircargo.com/en/tracking"
"国际空运","2Y 585","https://www.myindoairlines.com/"
"国际空运","N8 416","https://www.nationalaircargo.com/track/"
"国际空运","NO 703","https://world-cs.de/"
"国际空运","DD 596","https://pathfinder.digitalfactory.aero/"
"国际空运","N0 506","https://norsetracking.awery.com/"
"国际空运","Z0 536","https://norsetracking.awery.com/"
"国际空运","NC 345","https://www.stratair.net/shipment-tracking/"
"国际空运","DY 328","https://www.norwegiancargo.com/"
"国际空运","DI 762","https://www.norwegiancargo.com/"
"国际空运","OA 050","https://www.olympicair.com/en/Info/Cargo"
"国际空运","PK 214","https://www.freight.aero/tracking.asp"
"国际空运","PC 624","http://www.pegasuscargo.com/en/default.aspx"
"国际空运","TH 539","https://cargo.rayaairways.com/Tracking/AWB/"
"国际空运","AT 147","https://www.freight.aero/tracking.asp"
"国际空运","BI 672","https://www.flyroyalbrunei.com/rba/cargospot/"
"国际空运","RJ 512","http://rj-cargo.com/track-and-trace"
"国际空运","R4 827","http://www.rusaviation.com/#e&amp;tracking&amp;"
"国际空运","WB 459","https://www.rwandair.com/business-solutions/cargo-tracking/"
"国际空运","S6 817","http://www.southamericanairways.com/tracking_summary.asp"
"国际空运","SK 117","https://www.sascargo.com/en/Booking/Track-Shipment"
"国际空运","SP 737","http://www.sata.pt/en/other-services/cargo-tracking"
"国际空运","S4 331","http://www.sata.pt/en/other-services/cargo-tracking"
"国际空运","FM 774","http://cargo2.ceair.com/mu/"
"国际空运","S7 421","https://www.freight.aero/tracking.asp"
"国际空运","MI 629","http://www.siacargo.com/"
"国际空运","ZP 463","https://www.freight.aero/tracking.asp"
"国际空运","KY 576","http://www.skyleasecargo.com/"
"国际空运","OO 302","https://www.deltacargo.com/Cargo/"
"国际空运","4S 644","http://solarcargo.cargolink.aero/tracking/"
"国际空运","WN 526","https://www.swacargo.com/swacargo_com_ui/manage/tracking"
"国际空运","4E 242","https://www.freight.aero/tracking.asp"
"国际空运","QP 321","http://www.starlightairline.com/track_shipment.aspx"
"国际空运","JX 189","https://www.starluxcargo.com/"
"国际空运","DK 630","https://pathfinder.digitalfactory.aero/"
"国际空运","LX 724","https://tools.swissworldcargo.com/en/track_n_trace"
"国际空运","DT 118","https://www.freight.aero/tracking.asp"
"国际空运","B1 901","https://www.tabairlines.com/"
"国际空运","TA 202","http://www.aviancacargo.com"
"国际空运","RO 281","https://www.freight.aero/tracking.asp"
"国际空运","UK 228","https://www.airvistara.com/trip/cargo-services"
"国际空运","GS 826","https://www.hnacargo.com/Portal2/AwbSearch.aspx"
"国际空运","T0 530","http://www.aviancacargo.com/"
"国际空运","CB 456","https://www.tccargo.us/en/tracking-2/"
"国际空运","TB 612","https://pathfinder.digitalfactory.aero/"
"国际空运","TU 199","http://prdcgotu.mercator.com/skychain/app?service=page/nwp:Trackshipmt"
"国际空运","PS 566","https://www.freight.aero/tracking.asp"
"国际空运","B7 525","http://www.brcargo.com/ec_web/Default.aspx"
"国际空运","UW 699","http://www.uni-top.com:8081/CargoTracking/queryWaybill.aspx"
"国际空运","U6 262","https://cargo.uralairlines.ru/en/services/tracking/"
"国际空运","HY 250","https://ebooking.champ.aero/trace/HY/trace.asp"
"国际空运","RG 042 / 183","http://apps.traxon.com/rg042.htm"
"国际空运","VJ 978","https://cargo.vietjetair.com/"
"国际空运","VN 738","https://track.champ.aero/vn"
"国际空运","V4 946","https://aviationcargo.dhl.com/aviationcargo/"
"国际空运","VS 932","https://www.virginatlanticcargo.com/gb/en.html"
"国际空运","WS 838","https://cargo.westjet.com/Tracking.aspx?Culture=EN"
"国际空运","W6 284","http://www.utl-log.com/waybill"
"国际空运","WW 377","http://tracecargo.info/track.php"
"国际空运","MF 731","https://cargo.xiamenair.com/Cargo/English/Search.html?status=1"
"国际空运","SE 473","https://www.wfs.aero/tracking-page/"
"国际空运","IY 635","https://yemenia.com/cargo"
"国际空运","I9 959","https://www.centralairlines.com/zh/"
"国际空运","9C 089","https://www.ch.com/"
"国际空运","QS 797","https://cargo.smartwings.com/en/cargo-tracking-en?view=tracking"
"国际空运","8D 319","https://fitscargo.com/"
"国际空运","5T 518","https://cargo.canadiannorth.com/TrackAndTrace.html"
"国际空运","F5 227","https://www.aerotransscargo.md/en"
"国际空运","CF 804","https://www.cnpostair.com/"
"国际空运","PN 847","https://www.westair.cn/"
"国际空运","8L 859","https://www.luckyair.net/"
"国际空运","HT 877","https://www.ctac.net.cn/"
"国际空运","FU 666","http://www.fuzhiair.com/"
"国际空运","JT 990","https://cargo.lionair.com/Tracking/AWB"
"国际空运","QZ 975","https://airasia.smartkargo.com/"
"国际空运","FD 900","https://airasia.smartkargo.com/"
"国际空运","XJ 940","https://airasia.smartkargo.com/"
"国际空运","SL 310","https://cargo.lionairthai.com/"
"国际空运","LJ 718","https://www.jinair.com/eng/information/cargo"
"国际空运","UO 128","https://www.hkexpress.com/zh-hk/plan/cargo/"
"国际空运","DJ 763","https://www.maersk.com/tracking/air/"
"国际空运","KD 904","https://www.westernglobalairlines.com/"
"国际空运","JD 898","https://www.jdairlines.com/"
"国际快递","DHL","https://mydhl.express.dhl/gb/en/tracking.html#/track-by-number"
"国际快递","DHL","https://www.5idhl.com"
"国际快递","DHL航班","https://apps.dhl.com.hk/big5_fi/"
"国际快递","DHL DCT","https://dct.dhl.com/"
"国际快递","世界各国DHL","https://mydhl.express.dhl/us/en/home.html#/createNewShipmentTab"
"国际快递","DHL 目的地服务提示","https://www.5idhl.com/#/createExpress/ServiceTip"
"国际快递","UPS","https://www.ups.com/cn/zh/Home.page?"
"国际快递","UPS航班","http://upsfd.ecfreight.net/"
"国际快递","FEDEX","https://www.fedex.com/en-us/home.html"
"国际快递","FEDEX航班","https://wap-asia.fedex.com/hkodds/en-hk/"
"国际快递","17Track","https://www.17track.net/zh-cn"
"国际快递","Track718","https://www.track718.us/en/"
"国际快递","查偏远","https://www.51tracking.com/remote_area"
"国际快递","DHL燃油","https://mydhlplus.dhl.com/cn/zh/ship/surcharges.html#/fuel_surcharge"
"国际快递","UPS燃油","https://www.ups.com/cn/zh/support/shipping-support/shipping-costs-rates/fuel-surcharges.page"
"国际快递","FEDEX燃油","https://www.fedex.com/zh-cn/shipping/surcharges.html"
"国际快递","DHL 偏远","https://www.5idhl.com/#/createExpress/ServiceArea "
"国际快递","Fedex 偏远","https://cnwcweb.fedex.com.cn/pages/ServiceChecker/index?code=061IDvll2f8f184PGhol2n3xrE4IDvlf&amp;amp;state=STATE"
"国际快递","UPS 偏远","https://www.ups.com/cn/zh/support/shipping-support/shipping-costs-rates.page"
"国际快递","UPS城市邮编","https://wwwapps.ups.com/ctc/request?loc=en_CN"
"国际快递","DHL服务网点查询","https://locator.dhl.com/"
"国际快递","美国UPS服务网点查询","https://locations.ups.com/us/en/"
"国际快递","UPS服务网点查询","https://www.ups.com/dropoff?loc=en_US"
"国际快递","FEDEX服务网点查询","https://local.fedex.com/en"
"国际快递","DHL在线支付税金","https://delivery.dhl.com/"
"国际快递","DHL 美国支付税金","https://ebilling.dhl.com/gpp/lookup/item_input/us/"
"国际快递","Customs Duty Invoice","https://mybill.dhl.com/pp/"
"国际快递","DHL 支付码支付","https://www.5idhl.com/#/queryService/payImportTaxes"
"国际快递","DHL 印度支付税金","https://paydutytaxes.india.express.dhl.com/"
"国际快递","DHL 爱尔兰支付税金","https://www.dhlpayments.ie/"
"国际快递","DHL 英国支付税金","https://epayments.dhl.co.uk/"
"国际快递","DHL 德国支付税金","https://www.dhl.de/express/MyBillQRCodePayment"
"国际快递","UPS 在线支付税金","https://www.ups.com/vn/en/business-solutions/ups-billing.page"
"国际快递","FEDEX 在线支付税金","https://www.fedex.com/payment/"
"国际快递","Fedex Payment Online","https://www.fedex.com/paynow/payment"
"国际快递","Fedex Payment Online","https://fit.clearance.fedex.com/#/en-us"
"国际快递","美国地址","https://ziplucas.com/index.html"
"国际快递","美国地址","https://www.smarty.com/products/single-address"
"国际快递","美国城市邮编","https://www.unitedstateszipcodes.org/"
"国际快递","US ZIP Code Lookup","https://www.zip-codes.com/city/sc-north-charleston.asp"
"国际快递","加拿大邮编","https://www.canadapost-postescanada.ca/cpc/en/tools/find-a-postal-code.page"
"国际快递","世界邮编","https://worldpostalcode.com/"
"国际快递","各国邮编","https://www.nowmsg.com/"
"国际快递","邮编库","https://www.youbianku.com/%E5%9B%BD%E9%99%85%E9%82%AE%E7%BC%96"
"国际快递","南美国家邮编","https://codigo-postal.co/en-us/"
"国际快递","美国邮政USPS","https://www.usps.com/"
"国际快递","DPD GB","https://www.dpd.co.uk/index.jsp"
"国际快递","DPD","https://www.dpd.com/en/"
"国际快递","Aramex","https://www.aramex.com/cn/en"
"国际快递","GLS Group","https://gls-group.eu/EU/en/parcel-tracking"
"国际快递","SF Express","https://intl.sf-express.com/"
"国际快递","DPEX","http://www.dpex.com/"
"国际快递","Asendia USA","http://www.asendiausa.com/"
"国际快递","Yodel","https://www.yodel.net.cn/"
"国际快递","Hermes","https://www.hermesworld.com/"
"国际快递","SDA","http://www.sda.it/"
"国际快递","Landmark Global","https://landmarkglobal.com/"
"国际快递","Meest","http://meest-group.com/"
"国际快递","GLS (IT)","https://www.gls-italy.com/"
"国际快递","Skynet","http://www.skynet.net/"
"国际快递","BRT Bartolini(DPD)","http://www.brt.it/"
"国际快递","Asendia","http://www.asendia.com/"
"国际快递","CDEK","http://www.cdek.ru/"
"国际快递","Hermes (DE)","https://www.myhermes.de/"
"国际快递","SMSA Express (سمسا)","https://www.smsaexpress.com/"
"国际快递","Nova Poshta","http://novaposhta.ua/"
"国际快递","Pitney Bowes","https://www.pitneybowes.com/"
"国际快递","Sagawa (佐川急便)","http://www.sagawa-exp.co.jp/"
"国际快递","SGHグローバル (Sagawa Global)","http://www.sgh-globalj.com/"
"国际快递","Purolator","https://www.purolator.com/"
"国际快递","Aramex AU (formerly Fastway AU)","https://www.aramex.com.au/"
"国际快递","DHL Parcel (NL)","https://www.dhlparcel.nl/"
"国际快递","Correos Express","https://www.correosexpress.com/"
"国际快递","OnTrac","https://www.ontrac.com/"
"国际快递","LaserShip","https://www.lasership.com/"
"国际快递","Blue Dart Express","https://bluedart.com/"
"国际快递","Delhivery","https://www.delhivery.com/"
"国际快递","Yamato (ヤマト運輸)","http://www.kuronekoyamato.co.jp/"
"国际快递","KEX Express (ABX Express)","https://my.kex-express.com/"
"国际快递","TNT (IT)","https://www.tnt.it/"
"国际快递","Fastway (ZA)","http://www.fastway.co.za/"
"国际快递","Aramex NZ (formerly Fastway NZ)","https://www.aramex.co.nz/"
"国际快递","DTDC","https://www.dtdc.com/"
"国际快递","DPD (RU)","https://www.dpd.ru/"
"国际快递","J&amp;T Express (ID)","https://www.jet.co.id/"
"国际快递","J&amp;T Express (MY)","https://jtexpress.my/"
"国际快递","Nexive","https://www.nexive.it/"
"国际快递","Naqel","https://www.naqelexpress.com/"
"国际快递","Hermes Borderguru","https://hermesborderguru.io/"
"国际快递","Ecom Express","https://ecomexpress.in/"
"国际快递","Xpressbees","http://www.xpressbees.com/"
"国际快递","DPD (PL)","https://www.dpd.com.pl/"
"国际快递","CouriersPlease","https://www.couriersplease.com.au/"
"国际快递","Sendle","https://www.sendle.com/"
"国际快递","Chronopost Morocco","https://chronopost.ma/"
"国际快递","DPD (IE)","https://dpd.ie/"
"国际快递","GD Express","https://www.gdexpress.com/"
"国际快递","Nova Poshta Global","https://novaposhtaglobal.ua/en/"
"国际快递","MRW","https://www.mrw.es/"
"国际快递","ELTA Courier","https://www.elta-courier.gr/"
"国际快递","GLS Spain (National)","https://www.gls-spain.es/en/"
"国际快递","Skynet (MY)","https://www.skynet.com.my/"
"国际快递","Speedy (DPD)","https://www.speedy.bg/en/"
"国际快递","TNT (AU)","https://www.tntexpress.com.au/"
"国际快递","DPD (PT)","https://dpd.pt/"
"国际快递","GLS Canada (Dicom)","https://gls-canada.com/"
"国际快递","DHL ACTIVETRACING","https://activetracing.dhl.com/"
"国际快递","FedEx® International Connect (FIC)","https://fictracking.fedex.com/"
"国际快递","DHL Parcel (PL)","http://www.dhl.com.pl/"
"国际快递","J&amp;T Express (SG)","https://www.jtexpress.sg/"
"国际快递","Flash Express (TH)","https://www.flashexpress.co.th/"
"国际快递","J&amp;T Express (PH)","https://www.jtexpress.ph/"
"国际快递","TNT (FR)","http://www.tnt.fr/"
"国际快递","J&amp;T Express (TH)","https://www.jtexpress.co.th/"
"国际快递","Dawn Wing (DPD Laser)","http://www.dawnwing.co.za/"
"国际快递","J&amp;T International","https://www.jet-logistics.com/?from=17track"
"国际快递","Mondial Relay","https://www.mondialrelay.fr/"
"国际快递","GLS (US)","https://www.gls-us.com/"
"国际快递","GLS (PT)","https://www.gls-portugal.pt/"
"国际快递","EVRi","https://www.evri.com/"
"国际快递","StarTrack","http://startrack.com.au/"
"国际快递","GLS (NL)","https://www.gls-info.nl/"
"国际快递","J&amp;T Express (MX)","https://www.jtexpress.mx/"
"国际快递","UPS Mail Innovations","https://www.upsmailinnovations.com/"
"国际快递","J&amp;T Express (SA)","https://www.jtexpress-sa.com/"
"国际快递","DPD (GR)","https://dpd.gr/en/"
"国际快递","envialia","https://www.envialia.com/"
"国际快递","J&amp;T Express (VN)","https://jtexpress.vn/"
"国际快递","InPost (UK)","https://inpost.co.uk/"
"国际快递","InPost (IT)","https://inpost.it/"
"国际快递","Flash Express (PH)","https://www.flashexpress.ph/"
"国际快递","Flash Express (MY)","https://www.flashexpress.my/"
"国际快递","Flash Express (LA)","https://www.flashexpress.la/"
"国际快递","CJ Logistics (SG)","https://www.cjlogistics.com/en/network/en-sg"
"国际快递","DPD (AT)","https://www.mydpd.at/"
"国际快递","InPost (ES)","https://www.inpost.es/"
"国际快递","Ninja Van (International Tracking)","https://www.ninjavan.co/en-sg/tracking"
"国际快递","InPost (PT)","https://www.inpost.pt/"
"国际快递","DHL eCommerce (MNG Kargo)","https://www.mngkargo.com.tr/"
"国际快递","J&amp;T Express (EG)","https://www.jtexpress-eg.com/"
"国际快递","KINTETSU LOGISTICS SYSTEMS (近鉄ロジスティクス)","https://www.kintetsu-ls.co.jp/"
"国际快递","Kerry Express","http://www.kerryexpress.com.tw/"
"国际快递","EMS (Express Mail Service)","https://www.ems.post/"
"国际快递","Kerry TJ","http://www.kerrytj.com/"
"国际快递","DPD Local","https://www.dpdlocal.co.uk/"
"国际快递","Yamato Logistics (HK)","https://www.yamatohk.com.hk/"
"国际快递","SkyNet Worldwide Express","https://www.skynetworldwide.net/"
"国际快递","J&amp;T Cargo (ID)","https://www.jtcargo.id/"
"国际快递","J&amp;T Express (BR)","https://www.jtexpress.com.br/"
"国际快递","Estafeta USA","https://estafetausa.com/"
"国际快递","Skynet (ZA)","https://www.skynet.co.za/"
"国际快递","FedEx® Cross Border (UK)","https://crossborder.fedex.com/"
"国际快递","DHL Supply Chain APAC","https://mysctrackandtrace.dhl.com/"
"国际快递","J&amp;T Express (AE)","https://www.jtexpress.ae/"
"国际快递","Lenton Group (DPD)","https://www.lentongrp.com/"
"国际快递","Yamato Transport Singapore","https://www.yamatosingapore.com/"
"国际快递","Purolator Shipping","https://tracking.purolatorshipping.com/"
"国际快递","Purolator International","https://www.purolatorinternational.com/"
"国际快递","J&amp;T Cargo (MY)","https://www.jtcargo.my/"
"国际快递","GLS (DE)","https://www.gls-pakete.de/"
"国际快递","Hermes Einrichtungs Service","https://myhes.de/"
"国际快递","DPD (KZ)","https://www.dpd.kz/"
"国际快递","DPD Group","https://www.dpdgroup.com/"
"国际快递","Fastway Logistics","https://fastway.co/"
"国际快递","SF Express Indonesia","https://id.kex-express.com/"
"国际快递","GeodisPL","https://strefaklienta.pekaes.geodis.pl/"
"国际快递","Meest Group","https://t.meest-group.com/int"
"国际快递","Asendia France","https://asendiafrance.com/"
"国际快递","Dtdc Australia","https://www.dtdcaustralia.com.au/"
"国际快递","Purolator Freight","https://freight.purolator.com/"
"国际快递","MyDTDC","https://web.mydtdc.in/"
"国际快递","J&amp;T EXPRESS COLOMBIA","https://www.jtexpress.co/"
"国际快递","Colis Prive(Colis Privé)","http://www.colisprive.com/"
"国际快递","UK Mail","https://www.ukmail.com/"
"国际快递","Ekart","https://ekartlogistics.com/"
"国际快递","TForce Final Mile","https://www.tforcelogistics.com/"
"国际快递","ACS","https://www.acscourier.net/"
"国际快递","Zajil Express","https://zajil-express.com/"
"国际快递","JNE Express","https://www.jne.co.id/"
"国际快递","BlueEx","https://www.blue-ex.com/"
"国际快递","Shadowfax","https://shadowfax.in/"
"国际快递","CTT Express","https://www.cttexpress.com/"
"国际快递","CourierPlus Nigeria","http://www.courierplus-ng.com/"
"国际快递","Packeta","https://www.packeta.com/"
"国际快递","UniUni","https://uniuni.com/"
"国际快递","Redpack","https://www.redpack.com.mx/"
"国际快递","Canpar Express","https://www.canpar.com/"
"国际快递","Paquetexpress","https://www.paquetexpress.com.mx/"
"国际快递","Boxberry","https://boxberry.ru/"
"国际快递","Matkahuolto","https://www.matkahuolto.fi/"
"国际快递","Tonami","http://www.tonami.co.jp/"
"国际快递","Kuehne Nagel","https://home.kuehne-nagel.com/"
"国际快递","SAEE","https://www.saee.sa/en/"
"国际快递","Seino (西濃運輸)","http://www.seino.co.jp/en/"
"国际快递","Cargus","https://www.cargus.ro/"
"国际快递","PPL CZ","https://www.ppl.cz/"
"国际快递","Trackon","https://trackon.in/"
"国际快递","The Courier Guy","https://www.thecourierguy.co.za/"
"国际快递","DSV","https://www.dsv.com/"
"国际快递","EURODIS","https://eurodis.com/"
"国际快递","OCA","http://www.oca.com.ar/"
"国际快递","Loomis Express","https://www.loomisexpress.com/"
"国际快递","DB Schenker","https://www.dbschenker.com/"
"国际快递","Spring GDS","https://www.spring-gds.com/"
"国际快递","Venipak","https://venipak.lt/en/"
"国际快递","JDL Express","https://www.jdlexpress.co.id/"
"国际快递","Hunter Express","https://www.hunterexpress.com.au/"
"国际快递","Starken","https://www.starken.cl/"
"国际快递","Blue Express","https://www.blue.cl/"
"国际快递","Agility","https://www.agility.com/"
"国际快递","XPO","https://www.xpo.com/"
"国际快递","TCS","https://www.tcsexpress.com/"
"国际快递","LBC Express","https://www.lbcexpress.com/"
"国际快递","Express One","https://expressone.hu/"
"国际快递","Hanjin","https://www.hanjin.co.kr/"
"国际快递","Expeditors","https://www.expeditors.com/"
"国际快递","Chilexpress","https://chilexpress.cl/"
"国际快递","The Professional Couriers","https://www.tpcglobe.com/"
"国际快递","AJEX","https://aj-ex.com/"
"国际快递","Speedaf","https://speedaf.com/"
"国际快递","SPEEDEX","http://www.speedex.gr/"
"国际快递","Sameday (RO)","https://sameday.ro/"
"国际快递","SEKO Logistics","https://www.sekologistics.com"
"国际快递","LSO(Lone Star Overnight)","https://www.lso.com/"
"国际快递","DACHSER","https://www.dachser.com/"
"国际快递","SAP EXPRESS","https://www.sap-express.id/"
"国际快递","Yurtici Kargo","https://www.yurticikargo.com/"
"国际快递","2GO","http://supplychain.2go.com.ph/"
"国际快递","GEODIS","http://www.geodis.com/"
"国际快递","LCS-Leopards Courier Service","http://leopardscourier.com/pk/"
"国际快递","BEST EXPRESS","https://www.best-inc.co.th/"
"国际快递","Day &amp; Ross","https://dayross.com/"
"国际快递","Zasilkovna(Zásilkovna)","https://www.zasilkovna.cz/"
"国际快递","Bring","https://www.bring.com/"
"国际快递","Nacex","https://www.nacex.com/"
"国际快递","Seur","https://www.seur.com/"
"国际快递","Spee-Dee Delivery","https://speedeedelivery.com/"
"国际快递","Loggi Express BR","https://www.loggi.com/"
"国际快递","RelaisColis","https://www.relaiscolis.com/"
"国际快递","99Minutos","https://tracking.99minutos.com/"
"国际快递","DX","https://my.dxdelivery.com/"
"国际快递","Inter Rapidisimo (INTER RAPIDÍSIMO)","https://www.interrapidisimo.com/"
"国际快递","Coordinadora","https://www.coordinadora.com/"
"国际快递","servientrega","https://www.servientrega.com/"
"国际快递","Andreani","https://www.andreani.com/"
"国际快递","Trax","https://trax.pk/"
"国际快递","Lotte Global Logistics","https://www.lotteglogis.com/english/reservation/track/"
"国际快递","Mainfreight","https://www.mainfreight.com/track/"
"国际快递","IDexpressIndonesia","https://idexpress.com/"
"国际快递","Hellmann","https://www.hellmann.com/en/"
"国际快递","Intelcom (CA)","https://intelcom.ca/"
"国际快递","Еконт (Econt)","https://www.econt.com/"
"国际快递","Lion parcel","https://www.lionparcel.com/"
"国际快递","TIKI","https://www.tiki.id/"
"国际快递","Anteraja","https://anteraja.id/"
"国际快递","SiCepat","https://www.sicepat.com/"
"国际快递","New Zealand Couriers","https://www.nzcouriers.co.nz/"
"国际快递","GHN (Giao Hàng Nhanh)","https://ghn.vn/"
"国际快递","Fukuyama Transporting (福山通運)","https://corp.fukutsu.co.jp/"
"国际快递","Nippon Express (日本通運)","https://www.nittsu.co.jp/"
"国际快递","Aras Kargo","https://www.araskargo.com.tr/tr/#"
"国际快递","Budbee","https://budbee.com/"
"国际快递","Viettel Post","https://en.viettelpost.com.vn/"
"国际快递","FAN Courier","https://www.fancourier.ro/"
"国际快递","HepsiJET","https://www.hepsijet.com/"
"国际快递","Shiprocket","https://www.shiprocket.in/"
"国际快递","Safexpress","http://www.safexpress.com/"
"国际快递","Yusen Logistics","https://www.yusen-logistics.com/"
"国际快递","Gati","https://www.gati.com/"
"国际快递","Kintetsu World Express (近鉄エクスプレス [KWE])","https://www.kwe.com/"
"国际海运","Track-trace","https://www.track-trace.com/container"
"国际海运","Tracecontainer","https://www.tracecontainer.com/"
"国际海运","Searates","https://www.searates.com/container/tracking/"
"国际海运","BIC CODE查询","https://www.bic-code.org/bic-codes/"
"国际海运","Textainer集装箱租赁","https://tex.textainer.com/Equipment/StatusAndSpecificationsInquiry.aspx"
"国际海运","3D货柜装载","https://www.pier2pier.com/loadcalc/"
"国际海运","装箱大师","https://www.zhuangxiang.com/"
"国际海运","Vesselfinder","https://www.vesselfinder.com/"
"国际海运","Myshiptracking","https://www.myshiptracking.com/"
"国际海运","Marinetraffic","https://www.marinetraffic.com/en/ais/home/centerx:-178.2/centery:36.0/zoom:3"
"国际海运","船位 船队在线","https://hifleet.com/"
"国际海运","维运网","https://www.weiyun001.com/"
"国际海运","船讯网","https://www.shipxy.com/"
"国际海运","飞驼可视","https://www.freightower.com/#/vessel"
"国际海运","港口码头","https://www.5688.com.cn/ports/"
"国际海运","货代企业信息备案表","https://gjhy.mofcom.gov.cn/#:~:text=%E5%A4%87%E6%A1%88%E7%A8%8B%E5%BA%8F%5B%E6%9F%A5%E7%9C%8B%E5%8A%9E%E7%90%86%E6%B5%81%E7%A8%8B%E5%9B%BE%5D&amp;amp;text=%EF%BC%88%E4%B8%80%EF%BC%89%E5%9B%BD%E9%99%85%E8%B4%A7%E4%BB%A3%E4%BC%81%E4%B8%9A%E5%AE%8C%E6%88%90,%E5%90%8E%E5%8F%91%E6%94%BE%E4%BC%81%E4%B8%9A%E5%A4%87%E6%A1%88%E8%AF%81%E6%98%8E%E3%80%82&amp;amp;text=%EF%BC%88%E4%B8%80%EF%BC%89%E5%AE%8C%E6%88%90%E4%BC%81%E4%B8%9A%E5%A4%87%E6%A1%88%E7%9A%84,%E5%8F%91%E6%94%BE%E4%BC%81%E4%B8%9A%E4%B8%9A%E5%8A%A1%E5%A4%87%E6%A1%88%E8%AF%81%E6%98%8E%E3%80%82"
"国际海运","NOVCC无船承运人申请查询","https://mwtis.mot.gov.cn/syportal/login/1"
"国际海运","美国FMC","https://www2.fmc.gov/oti/FF.aspx"
"国际海运","上海航运交易所","https://www.sse.net.cn/home"
"国际海运","港航纵横","https://www.hb56.com/Main.aspx"
"国际海运","海管家","https://supertrack.hgj.com/recycle"
"国际海运","云当网","https://www.yundangnet.com/web/html/index.php"
"国际海运","明日数航","https://www.hangyun365.com/"
"国际海运","通关宝","https://www.tongguanbao.net/?pagenum=1"
"国际海运","集运宝典","https://www.fob001.cn/index.php"
"国际海运","易港通","http://www.eporthub.com/"
"国际海运","宁波港口EDI","https://www.npedi.com/index"
"国际海运","宁波二期 北一集司","https://cx.nbct.com.cn:7002/"
"国际海运","宁波三期 北二集司","https://www.nbport.com.cn/NBPort_Search/public/search/cqxx"
"国际海运","宁波四期 北三集司","http://csct.nbport.com.cn/system/test/cqcx"
"国际海运","大榭招商码头","http://willport.nbdxct.com/Pages/default.aspx"
"国际海运","梅山即时港","http://msict.nbport.com.cn/mall-portal/index.html"
"国际海运","甬舟码头","https://yzct.nbport.com.cn/report/"
"国际海运","江苏太仓正和码头","https://www.3tcport.com/Home/ContGoodsInfoView"
"国际海运","波特云","https://www.eportyun.com/"
"国际海运","易物流盐田","https://www.156yt.cn/publicInfoService/index.action"
"国际海运","招商ePort","https://eport.cmp1872.com/"
"国际海运","大铲湾码头","http://www.dcblink.com/web/dcblink/container-info-public"
"国际海运","集装箱码头海关放行","https://www.gct.com.cn/seltype/Manage_yuyue2.asp"
"国际海运","集装箱码头箱信息","https://www.gct.com.cn/share_query/query_share.htm"
"国际海运","南沙港务三期查询","http://eportal.goct.com.cn/Account/?ReturnUrl=%2f"
"国际海运","厦门集装箱码头","https://www.jx-c.com.cn/xctgonline/login.html"
"国际海运","厦门中远船舶动态","http://www.cosfrexm.com/chr/vsl.aspx"
"国际海运","嵩屿码头","https://www.xsct.com.cn/new/(S(fizobucdy3wsnaww2bxkszkt))/CustomerQueryContainerTab.aspx"
"国际海运","烟台港","https://www.ytedi.com/index/xinxifuwu"
"国际海运","天津港电子商务网","https://www.tjgportnet.com/index.html#/home-page"
"国际海运","COSCO天津区块链换单","https://cargorelease.lines.coscoshipping.com/login"
"国际海运","OOCL天津区块链换单","https://exiamfw.home.oocl.com/auth/realms/oocl-prd/protocol/openid-connect/auth?client_id=5c787141-ccde-484f-9625-eaa34f56657f&amp;amp;response_type=code&amp;amp;redirect_uri=https%3A%2F%2Fcargo-release.digital.oocl.com%2Fhome%2Fauth%2Fcallback&amp;amp;response_mode=form_post&amp;amp;scope=gbcr.basicAccess%20openid&amp;amp;state=541b2a00-ff43-4470-929a-b99eb19abdff&amp;amp;nonce=8d67b7a6-2b87-41d4-85cc-b79eaedb844e"
"国际海运","口岸物流网","https://www.dpn.com.cn/"
"国际海运","连云港电子口岸","https://www.lygedi.com/"
"国际海运","Alphaliner TOP 100","https://alphaliner.axsmarine.com/PublicTop100/"
"国际海运","Matson 美森轮船","https://www.matson.com.cn/"
"国际海运","Matson 美森轮船","https://www.matson.com/"
"国际海运","Matson Ports","https://www.matson.com/matnav/ports/index.html"
"国际海运","MSC 地中海航运","https://www.msccargo.cn/"
"国际海运","MSK 马士基","https://www.maersk.com/"
"国际海运","CMA CGM 法国达飞","https://www.cma-cgm.com/"
"国际海运","COSCO 中远海运","https://elines.coscoshipping.com/ebusiness/cargoTracking/"
"国际海运","HPL 赫伯罗特","https://www.hapag-lloyd.com/en/home.html"
"国际海运","ONE  日本海洋网联船务","https://www.one-line.com/en"
"国际海运","EMC 长荣海运","https://www.evergreen-marine.com/"
"国际海运","HMM 韩新海运","https://www.hmm21.com/company.do"
"国际海运","ZIM 以星航运","https://www.zim.com/"
"国际海运","YML 阳明海运","https://www.yangming.com/"
"国际海运","WHL 万海航运","https://www.wanhai.com/views/Main.xhtml"
"国际海运","PIL 太平船务","https://www.pilship.com/"
"国际海运","SITC 海丰国际","https://www.sitc.com/"
"国际海运","X-Press","https://www.x-pressfeeders.com/"
"国际海运","SLS 海领船务","https://www.sea-lead.com/"
"国际海运","KMTC 高丽海运","https://www.ekmtc.com/index.html#/main"
"国际海运","UniFeeder","https://www.unifeeder.com/"
"国际海运","SKR 长锦商船","http://www.sinokor.co.kr/cn/index.html"
"国际海运","ZHONGGU 上海中谷物流","https://www.zhonggu56.com/index.jsp"
"国际海运","T.S.LINES 德翔航运","https://www.tslines.com/tw"
"国际海运","ESL 阿联酋航运","https://www.emiratesline.com/"
"国际海运","ANTONG 安通控股","https://www.antong56.com"
"国际海运","RCL 宏海箱运","https://www.rclgroup.com/"
"国际海运","NBOS 宁波远洋","http://www.nbosco.com/"
"国际海运","GFS","https://www.globalfeeders.com/"
"国际海运","SML 森罗商船","https://www.smlines.com/en/"
"国际海运","SWIRE 太古船务","https://www.swireshipping.com/"
"国际海运","ARKAS /EMES 阿尔卡斯","https://www.arkasline.com.tr/en/"
"国际海运","HeDe 合德海运","http://en.hedehk.com/index.php?m=content&amp;amp;c=index&amp;amp;a=lists&amp;amp;catid=86"
"国际海运","Grimaldi Group 格里马尔迪集团","https://www.grimaldi.napoli.it/en/index.html"
"国际海运","JJ 锦江航运","https://ejj.jjshipping.cn/index"
"国际海运","IAL 运达航运","https://www.interasia.cc/"
"国际海运","Sinotrans 中国外运","https://www.sinotrans.com/"
"国际海运","Tailwind 泰赢航运","https://tailwind-shipping.com/en"
"国际海运","FESCO 俄远东","https://www.fesco.com/en/"
"国际海运","Seaboard Marine 海湾海运","https://www.seaboardmarine.com/"
"国际海运","Samudera 萨姆达拉","https://www.samudera.id/"
"国际海运","Tanto 印尼坦托航运","https://www.tantonet.com/"
"国际海运","Namsung 南星海运","https://www.namsung.co.kr/"
"国际海运","Meratus 梅拉图斯航运","https://www.meratus.com/"
"国际海运","CULines 中联航运","https://www.culines.com/en/"
"国际海运","Akkon 艾柯恩航运","https://akkonlines.com/"
"国际海运","OOCL","https://www.oocl.com/schi/Pages/default.aspx"
"国际海运","APL CMA CGM子公司","https://www.apl.com/ebusiness/tracking"
"国际海运","ANL CMA CGM子公司","https://www.anl.com.au/"
"国际海运","CNC CMA CGM子公司","https://www.cnc-line.cn/"
"国际海运","Containerships Oy 子公司","http://www.containerships.eu/"
"国际海运","Mercosul  CMA CGM子公司","https://www.mercosul-line.com.br/"
"国际海运","CEVA CMA CGM子公司","https://www.cevalogistics.com/en"
"国际海运","Comanav CMA CGM子公司","https://cmaships.com/en/agency/morocco"
"国际海运","CMA Ships CMA CGM子公司","https://cmaships.com/en"
"国际海运","Transfar Shipping","https://www.transfarshipping.com/home"
"国际海运","ASEAN SEAS LINE","https://www.line-asl.com/"
"国际海运","ACL Atlantic Container Line","http://www.aclcargo.com/trackCargo.php"
"国际海运","Alianca Navegaceo e Logistica Ltda.","https://www.alianca.com.br/alianca/en/alianca/ecommerce_alianca/track_trace_alianca/index.html"
"国际海运","Bahri (NSCSA)","https://www.bahri.sa/en/logistic-services/"
"国际海运","CNC LINE Cheng Lie Navigation","http://www.cnc-ebusiness.com/ebusiness/tracking"
"国际海运","CONTAINER tracking","http://www.seacargotracking.net/"
"国际海运","CROWLEY","https://www.crowley.com/liner-shipment-tracking/"
"国际海运","DHL Global Forwarding","https://www.dhl.com/en/logistics/customer_resource_area/freight_tracking_and_applications/ocean_freight_tracking.html"
"国际海运","EIMSKIP","https://www.eimskip.com/customer-portal/"
"国际海运","Emirates Shipping Line","https://www.emiratesline.com/track/"
"国际海运","Ethiopian Shipping","https://www.eslse.et/"
"国际海运","Evergreen Lines","http://www.shipmentlink.com/servlet/TDB1_CargoTracking.do"
"国际海运","FESCO","https://www.fesco.ru/en/clients/tracking/"
"国际海运","Gold Star Line","https://www.gslltd.com.hk/#/track_shipment"
"国际海运","Grieg Star Shipping (G2 Ocean)","https://www.g2ocean.com/lookup-and-searches/#BoL"
"国际海运","Grimaldi Lines","https://www.gnet.grimaldi-eservice.com/GNET/Pages_GAtlas/WFContainerTracking"
"国际海运","Hamburg-Sued (Columbus Line)","https://www.hamburgsud.com/en/ecommerce/visibility/track-and-trace/"
"国际海运","HEUNG A Shipping","https://ebiz.heungaline.com/Tracking"
"国际海运","HUGO STINNES","https://www.stinnes-linien.de/TOOLS/Tracking-And-Tracing"
"国际海运","Ignazio Messina Line","https://www.messinaline.it/wps/wcm/connect/internet/messina_en/operativo/cntr_tracking/#tf-cntr_tracking"
"国际海运","CARU containers","https://portal.carucontainers.com/"
"国际海运","SEACO containers","https://newseaweb.seacoglobal.com/sap/bc/ui5_ui5/sap/zseaco_ue15/index.html"
"国际海运","TRITON containers","https://www.trtn.com/tritoncontainer/unitStatus/list"
"国际海运","UES containers","http://www.ueshk.com/inquiries.aspx?classid=3&amp;aid=5&amp;leftid=18"
"国际海运","Container info (generic)","http://shipping-container-info.com/container-info/"
"国际海运","Kambara Kisen","http://esvc.kambara-kisen.co.jp/clt/CUP_HOM_3301.do?sessLocale=en"
"国际海运","Kestrel Liner","https://www.kestrel.com/uk/fcl-lcl"
"国际海运","MACS Shipping","https://www.macship.com/E-BUSINESS/TrackingAndTracing.aspx"
"国际海运","MARFRET Compagnie Maritime","http://www.marfret.fr/en/container-tracking/"
"国际海运","Medkon Lines","https://tracking.medkonlines.com/"
"国际海运","NAMSUNG Shipping","https://ebiz.namsung.co.kr/"
"国际海运","NileDutch","https://www.niledutch.com/en/schedules-tracking/track-your-container/"
"国际海运","OT Africa Line","http://www.cma-cgm.com/ebusiness/tracking"
"国际海运","PanOcean","http://container.panocean.com/HP2401/hp2401.stx"
"国际海运","PASHA HAWAII","https://www.pashahawaiishipping.com/public/track.htm"
"国际海运","PDL Pacific Direct Line","http://www.pdl123.co.nz/track-and-trace/"
"国际海运","Royal Arctic Lines","http://www.royalarcticline.com/"
"国际海运","Safmarine","https://www.safmarine.com/how-to-ship/tracking"
"国际海运","SCI Shipping Corporation of India","http://www.shipindia.com/frontcontroller/track_trace"
"国际海运","Sealand Maersk","https://www.sealandmaersk.com/welcome/tracking"
"国际海运","SM Line","https://esvc.smlines.com/smline/CUP_HOM_3301.do"
"国际海运","Swire Shipping","https://www.swireshipping.com/trackShipment"
"国际海运","Tarros","http://www.tarros.it/traccia-container-en/"
"国际海运","TOTE Maritime","https://portal.totemaritime.com/Account/Login?ReturnUrl=%2f"
"国际海运","Trans Asia Lines","http://www.tassgroup.com/"
"国际海运","Tropical Shipping","https://www.tropical.com/track-shipments"
"国际海运","Turkon Line","https://myturkonline.turkon.com/tracking"
"国际海运","UAFL United Africa Feeder Line","https://www.uaflshipping.com/home/tracking"
"国际海运","Wallenius Wilhelmsen Logistics","https://www.walleniuswilhelmsen.com/track-trace"
"国际海运","W.E.C. Lines","https://weclines.com/track-and-trace/"
"国际海运","Log-In Logistica","https://logai.loginlogistica.com.br/"
"国际海运","Finnlines","https://www.finnlines.com/"
"国际海运","Samskip","https://www.samskip.com/en/track-and-trace/"
"国际海运","Mariana Express Lines (MELL)","https://www.mellship.com/"
"国际海运","Westwood Shipping Lines","https://www.westwoodshipping.com/"
"国际海运","BG Freight Line","https://www.bgfreightline.com/"
"国际海运","Shreyas Shipping","https://www.shreyasshipping.com/"
"国际海运","Transworld Feeders","https://www.transworldfeeders.com.sg/"
"国际海运","Coheung Shipping","https://www.coheung.net/"
"国际海运","Shanghai Pan Asia Shipping","https://www.panasiashipping.com/"
"国际海运","New Golden Sea Shipping","https://www.cosconsea.com.sg/"
"国际海运","Pacifica Shipping","https://www.pacificashipping.co.nz/"
"国际海运","Nor Lines","https://www.nor-lines.com/"
"FBA头程","CBP官网报关行","https://www.cbp.gov/about/contact/brokers-listing"
"FBA头程","Filer Code list","https://www.cbp.gov/document/report/filer-code-list"
"FBA头程","NCBFAA 会员报关行","https://members.ncbfaa.org/4DCGI/directory/Member/index.html?MenuKey=members"
"FBA头程","CBP Form 7501","https://www.cbp.gov/trade/programs-administration/entry-summary/cbp-form-7501"
"FBA头程","SCAC 标准承运人代码","https://scac.nmfta.org/"
"FBA头程","eModal 美国码头滞期费","https://www.emodal.com/?rf=sp#"
"FBA头程","WBCT YML ZIM/COSCO","https://tosportal.portsamerica.com/?_=638453029054535664#/Home/TerminalInfo"
"FBA头程","Trapac CMA EXX 美森加班","https://losangeles.trapac.com/quick-check/?terminal=LAX&amp;amp;transaction=availability"
"FBA头程","YTI THE联盟","https://lynx.yti.com/"
"FBA头程","ETS EMC HTW快线 TPA","https://www.etslink.com/"
"FBA头程","FMS LP1 LP3 EX1 EXX","https://fenixmarineservices.com/hc/"
"FBA头程","APM 400 LA TP6 CPS","https://www.apmterminals.com/en/los-angeles/online-services/container-tracking"
"FBA头程","PIER A MSC ZIM 美森加班","https://piera.tideworks.com/fc-PA/default.do"
"FBA头程","C60/Pier C 美森正班","https://m60.tideworks.com/fc-C60/default.do"
"FBA头程","TTI/Pier T TP8 TP2 PS8","https://www.totalterminals.com/portal/import-inquiry"
"FBA头程","LBCT/Pier E SEA SEAX PCC1","https://portal.lbct.com/CargoSearch"
"FBA头程","ITS/Pier G ONE YML","https://www.itslb.com"
"FBA头程","PCT/Pier J Cen Aaci Aa3/5","https://pct.tideworks.com/fc-PCT/default.do"
"FBA头程","洛杉矶港码头地图","https://www.portoflosangeles.org/business/terminals/terminal-map"
"FBA头程","长滩港码头地图","https://polb.com/port-info/map/"
"FBA头程","美国加拿大码头汇总","https://www.visiwise.co/terminals/"
"FBA头程","Red Hook Container","https://www.redhookterminals.com/"
"FBA头程","Port Liberty Bayonne/GCT","https://portlibertybayonne.com/"
"FBA头程","Port Newark Container","https://pnct.net/"
"FBA头程","Maher 最多船司挂靠","https://www.maherterminals.com/"
"FBA头程","APM Terminals Elizabeth","https://www.apmterminals.com/en/tools/track-and-trace"
"FBA头程","Port Liberty New York/GCT","https://portlibertynewyork.com/"
"FBA头程","纽约新泽西港码头地图","https://www.panynj.gov/port/en/our-port/container-terminals.html"
"FBA头程","Terminal 5","https://t5s.tideworks.com/fc-T5S/default.do"
"FBA头程","Terminal 18","https://t18.tideworks.com/fc-T18/default.do"
"FBA头程","Terminal 30","https://t30.tideworks.com/fc-T30/default.do"
"FBA头程","Terminal 46 非集装箱码头","https://www.nwseaportalliance.com/"
"FBA头程","Terminal 115","https://www.lynden.com/aml/"
"FBA头程","West Sitcum Terminal","https://tam.tideworks.com/fc-TAM/default.do"
"FBA头程","Husky Terminal","https://huskyterminal.com/terminal"
"FBA头程","East Sitcum Terminal 备选","https://www.nwseaportalliance.com/cargo-operations/terminals/east-sitcum-terminal"
"FBA头程","Pierce County Terminal","https://www.etslink.com/"
"FBA头程","Washington United Terminal","http://tns.uswut.com/main/index.do"
"FBA头程","Tote Maritime Alaska Terminal","https://portal.totemaritime.com/"
"FBA头程","Nwseaportalliance Ports Map","https://www.nwseaportalliance.com/cargo-operations/terminals"
"FBA头程","Bayport Terminal 选码头","https://mca.porthouston.com/container-availability"
"FBA头程","Barbours Cut Terminal 选码头","https://mca.porthouston.com/container-availability"
"FBA头程","Lynx Portal 信息门户","https://csp.porthouston.com/lynx/"
"FBA头程","Houston Port Map","https://porthouston.com/infrastructure/facilities-capabilities/map/"
"FBA头程","Norfolk International Terminals","https://www.portofvirginia.com/gateway/capabilities/"
"FBA头程","Virginia International Gateway","https://www.portofvirginia.com/gateway/capabilities/"
"FBA头程","Portsmouth Marine Terminal","https://www.portofvirginia.com/gateway/capabilities/"
"FBA头程","Newport News Marine Terminal","https://www.portofvirginia.com/gateway/capabilities/"
"FBA头程","Richmond Marine Terminal","https://www.portofvirginia.com/gateway/capabilities/"
"FBA头程","Virginia Inland Port","https://www.portofvirginia.com/gateway/capabilities/"
"FBA头程","Virginia Port Map","https://operations.portofvirginia.com/maps-directions/"
"FBA头程","Lynx Port Virginia","https://lynx.portofvirginia.com/Login.aspx"
"FBA头程","Ocean Terminal","https://gaports.com/facilities/port-of-savannah/ocean-terminal/"
"FBA头程","Garden City Terminal","https://gaports.com/facilities/port-of-savannah/garden-city-terminal/"
"FBA头程","PCC Logistics 三地可选","https://pcclogistics.com/freight-availability/"
"FBA头程","萨凡纳港集装箱状态查询","https://gaports.com/webaccess-registration-form/"
"FBA头程","Trapac Terminal","https://oakland.trapac.com/"
"FBA头程","Oakland International Container Terminal","https://b58.tideworks.com/fc-OICT/default.do"
"FBA头程","Everport Terminal","https://www.etslink.com/"
"FBA头程","Matson Terminal","https://www.matson.com/matnav/ports/oakland.html"
"FBA头程","Oakland Seaport Map","https://www.oaklandseaport.com/facilities/seaport-facilities"
"FBA头程","Port Of Oakland","https://www.portofoakland.com/"
"FBA头程","Custom Goods","https://sbweb.customspecializedservices.com/WebForms/Login.aspx"
"FBA头程","Price Transfer","https://new-webportal.pricetransfer.com/WebForms/Login.aspx"
"FBA头程","FCL Logistics","https://new-webportal.fcllogistics.com/WebForms/Login.aspx"
"FBA头程","Califotnia NFI Cal Cartage","https://cestracking.calcartage.com/WebForms/Login.aspx"
"FBA头程","East Coast Warehouse ECW","https://ces.myecw.com/containerLookup"
"FBA头程","Port Liberty CES","https://ces.portlibertynewyork.com/"
"FBA头程","H&amp;M International","https://tools.hmiw.net/cargo-availability/"
"FBA头程","STG Logistics","https://cwportal.stgusa.com/warehousingSTG/ces/ces?event=CES_TRACK_STATUS"
"FBA头程","Mercer Distribution","https://portal.cargomanager.com/warehousingPEAK/availability/index.jsp?app=CES"
"FBA头程","World Trade Distribution","http://www.ethosting.com/wt/asp/Search.htm"
"FBA头程","CIPS Miami","https://cipsmiami.com/examstatus.htm"
"FBA头程","HREW Hampton Roads","https://www.hrew-ces.com/AppsBtnContent.aspx"
"FBA头程","Amazon Warehouses Address","https://fba-finder.com/"
"FBA头程","Amazon Warehouses Address","https://www.seabaycargo.com/amazon-warehouse/"
"FBA头程","亚马逊仓库分布图","http://www.jiufanglogistics.cn/channel/1/fbackfbt"
"FBA头程","FBA Near Me","https://www.fbanearme.com/"
"国际专线","ESTES LTL Freight","https://www.estes-express.com/"
"国际专线","Rlcarriers LTL Service","https://www.rlcarriers.com/"
"国际专线","Roadrunner Freight","https://freight.rrts.com/Pages/Home.aspx"
"国际专线","Tforce Freight","https://www.tforcefreight.com/ltl/apps/Tracking"
"国际专线","南航美国卡转ORD","https://one.allianceground.com/#/cargo/awb-tracking"
"国际专线","南航美国卡转LAX","https://jet-airways.com/"
"国际专线","欧洲卡转","https://j-connect.janderijk.com/"
"国际专线","CN Rail","https://www.cn.ca/en/"
"国际专线","CP铁路","https://www.cpkcr.com/"
"国际专线","加拿大CPKC 查柜子上火车","https://www.cpr.ca/en/"
"国际专线","中欧班列轨迹追踪","http://gps.jagich.com/#/"
"国际专线","欧洲16国铁路运踪","https://www.wcw56.com/h-col-176.html"
"国际专线","Toll Group","https://www.tollgroup.com/"
"国际专线","MyTeamGE","https://www.myteamge.com/"
"国际专线","Alliede","https://www.alliedexpress.com.au/"
"国际专线","Border Express","https://www.borderexpress.com.au/"
"国际专线","Australia Post","https://auspost.com.au/"
"国际专线","PBT Express","https://www.pbt.nz/"
"国际专线","ABF Freight","https://www.abfs.com/"
"国际专线","Old Dominion Freight Line","https://www.odfl.com/"
"国际专线","Southeastern Freight Lines","https://www.sefl.com/"
"国际专线","YRC Freight","https://yrc.com/"
"国际专线","Dayton Freight","https://www.daytonfreight.com/"
"国际专线","CrossCountry Freight","https://ccfs.com/"
"国际专线","Oak Harbor Freight Lines","https://oakh.com/"
"国际专线","AM Trucking","http://www.amtrucking.com/"
"国际专线","Pilot Freight Services","https://www.pilotdelivers.com/"
"国际专线","Freightquote (C.H. Robinson)","https://www.freightquote.com/"
"国际专线","Frontline Freight","http://frontlinefreightinc.com/"
"国际专线","Best Yet Express","https://www.bestyetexpresstrucking.com/"
"国际专线","US Cargo","https://www.us-cargo.com/"
"国际专线","Hercules Freight","https://www.herculesfreight.com/"
"国际专线","Performance Freight","https://performancefreight.com/"
"国际专线","Maroon Freight","https://www.maroonfreight.com/"
"国际专线","TIG Freight","https://www.tigfreight.com/"
"国际专线","Alliance Air Freight","https://shipalliance.com/"
"国际专线","Cargo Partner","https://www.cargo-partner.com/"
"国际专线","Cargo International","https://www.cargointernational.de/"
"国际专线","Rhenus Logistics","https://freightportal.rhenus.cloud/tnt/login/auth"
"国际专线","Cargoboard","https://cargoboard.com/"
"国际专线","Direct Freight Express","https://www.directfreight.com.au/"
"国际专线","COPE Sensitive Freight","https://www.cope.com.au/"
"国际专线","Manga Freight","https://mangafreight.co.nz/"
"国际专线","TRANSource Freightways","https://transourcefreightways.com/"
"国际专线","Matson","https://www.cargo.chinamatson.com/"
"国际专线","Via Cargo","https://viacargo.com.ar/"
"国际专线","Pullman Cargo","https://www.pullmango.cl/"
"国际专线","A Tiempo Cargo","https://atiempocargo.com/"
"国际专线","Chunil Cargo","https://www.chunil.co.kr/"
"国际专线","PLUS Cargo Service","https://www.plus-cs.co.jp/"
"国际专线","AP Cargo","https://apcargo.com.ph/"
"国际专线","Sentral Cargo","https://sentralcargo.co.id/"
"国际小包","PostNL","https://www.postnl.nl/"
"国际小包","Bosnia And Herzegovina Post","https://www.posta.ba/"
"国际小包","Bpost","https://www.bpost.be/"
"国际小包","Post Haste","https://www.posthaste.co.nz/default.html"
"国际小包","PostaPlus","https://www.postaplus.com/"
"国际小包","Turkish Post (PTT)","https://www.ptt.gov.tr/"
"国际小包","Latvia Post","https://www.pasts.lv/"
"国际小包","Belarus Post","https://belpost.by/"
"国际小包","PostNL International","https://postnl.post/"
"国际小包","Swiss Post","https://www.post.ch/"
"国际小包","Posten Norge","https://www.posten.no/"
"国际小包","PostNord","https://www.postnord.se/en"
"国际小包","Estonia Post (Omniva)","https://www.omniva.ee/"
"国际小包","Malta Post","https://www.maltapost.com/"
"国际小包","Chronopost","https://www.chronopost.fr/"
"国际小包","Montenegro Post","https://www.postacg.me/"
"国际小包","APC Postal Logistics","https://www.apc-pli.com/"
"国际小包","Poste Italiane","https://www.poste.it/"
"国际小包","Sailpost","https://www.sailpost.it/traccia-il-pacco/"
"国际小包","Gibraltar Post","https://www.post.gi/"
"国际小包","Iceland Post","https://www.postur.is/"
"国际小包","Denmark Post","https://www.postdanmark.dk/"
"国际小包","ELTA Hellenic Post","https://www.elta.gr/en/"
"国际小包","Monaco Post","https://www.lapostemonaco.mc/"
"国际小包","Deutsche Post","https://www.deutschepost.de/"
"国际小包","Magyar Posta","https://posta.hu/"
"国际小包","Romania Post","https://www.posta-romana.ro/"
"国际小包","Moldova Post","https://www.posta.md/"
"国际小包","Lithuania Post","https://www.post.lt/"
"国际小包","Liechtenstein Post","https://www.post.li/"
"国际小包","Chronopost Portugal (DPD)","https://chronopost.pt/"
"国际小包","Austrian Post","https://www.post.at/"
"国际小包","Georgia Post","https://www.gpost.ge/"
"国际小包","Jersey Post","https://www.jerseypost.com/track/"
"国际小包","Posta Bez Hranic","https://www.postabezhranic.cz/"
"国际小包","San Marino Post","https://www.poste.sm/on-line/home.html"
"国际小包","Serbia Post","https://www.posta.rs/"
"国际小包","A1 Post","https://a1post.bg/track.php"
"国际小包","Russian Post","https://pochta.ru/"
"国际小包","Post One","https://postone.eu/"
"国际小包","Czech Post","https://www.ceskaposta.cz/"
"国际小包","La Poste","https://www.laposte.fr/"
"国际小包","InPost","https://inpost.pl/"
"国际小包","Poland Post","https://www.poczta-polska.pl/"
"国际小包","Faroe Islands Post","https://www.posta.fo/"
"国际小包","Netherlands Post (TNT)","https://www.tnt.com/"
"国际小包","Afghan Post","http://afghanpost.gov.af/"
"国际小包","Finland Post (Posti)","https://www.posti.fi/"
"国际小包","Algeria Post","https://www.poste.dz/"
"国际小包","Guernsey Post","https://www.guernseypost.com/"
"国际小包","Algeria EMS","http://www.ems.dz/"
"国际小包","Cyprus Post","https://www.cypruspost.post/"
"国际小包","Correo Argentino","https://www.correoargentino.com.ar/"
"国际小包","Hispapost","https://www.hispapost.es/"
"国际小包","Haypost","http://www.haypost.am/"
"国际小包","Slovakia Post","https://www.posta.sk/"
"国际小包","Azer Express Post","http://www.azems.az/"
"国际小包","Bulgaria Post","https://www.bgpost.bg/"
"国际小包","Bangladesh Post","https://bdpost.gov.bd/"
"国际小包","Slovenia Post","https://www.posta.si/"
"国际小包","Barbados Post","http://www.bps.gov.bb/"
"国际小包","Luxembourg Post","https://www.post.lu/"
"国际小包","Bpost","https://track.bpost.cloud/"
"国际小包","An Post","https://www.anpost.ie/"
"国际小包","Bpost International","http://www.bpost2.be/bpostinternational/track_trace/find.php"
"国际小包","Albania Post","https://www.postashqiptare.al/"
"国际小包","Belize Post","http://www.belizepostalservice.gov.bz/"
"国际小包","Ukraine Post","https://www.ukrposhta.ua/"
"国际小包","La Poste De Benin","http://www.laposte.bj/"
"国际小包","Bhutan Post","http://www.bhutanpost.bt/"
"国际小包","Pošta Srpske","https://www.postesrpske.com/"
"国际小包","Hrvatska pošta Mostar","https://www.post.ba/"
"国际小包","Botswana Post","http://www.botspost.co.bw/"
"国际小包","Correios Brazil","http://www.correios.com.br/"
"国际小包","Brunei Post","http://www.post.gov.bn/"
"国际小包","Sonapost","https://laposte.bf/"
"国际小包","Burundi Post","http://www.poste.bi/"
"国际小包","China Post","https://www.ems.com.cn/qps/yjcx/"
"国际小包","China EMS","https://www.11183.com.cn/"
"国际小包","Campost","https://www.campost.cm/"
"国际小包","Canada Post","https://www.canadapost.ca/"
"国际小包","Correios Cabo Verde","http://www.correios.cv/"
"国际小包","Correos Chile","http://www.correos.cl/"
"国际小包","4-72","https://www.4-72.com.co/"
"国际小包","Correos Costa Rica","http://www.correos.go.cr/"
"国际小包","Croatian Post","http://www.posta.hr/"
"国际小包","Correos de Cuba","http://www.correos.cu/"
"国际小包","PostNord Danmark","https://www.postnord.dk/"
"国际小包","Inposdom","http://www.inposdom.gob.do/"
"国际小包","Egypt Post","https://egyptpost.gov.eg/ar-eg/home/"
"国际小包","Emirates Post","https://emiratespost.ae/"
"国际小包","Ethiopian Post","http://www.ethiopostal.com/"
"国际小包","Fiji Post","http://www.postfiji.com.fj/"
"国际小包","DHL Paket","https://www.dhl.de/en/privatkunden/pakete-empfangen/verfolgen.html"
"国际小包","DHL eCommerce Asia","https://ecommerceportal.dhl.com/"
"国际小包","Ghana Post","http://www.ghanapost.com.gh/"
"国际小包","Correo de Guatemala","https://correosytelegrafos.civ.gob.gt/"
"国际小包","Guyana Post","http://guypost.gy/"
"国际小包","HongKong Post","http://www.hongkongpost.hk/"
"国际小包","Correos de Honduras","http://www.honducor.gob.hn/"
"国际小包","India Post","https://app.indiapost.gov.in/"
"国际小包","Pos Indonesia","https://www.posindonesia.co.id/"
"国际小包","An Post","https://www.anpost.com/"
"国际小包","Israel Post","http://www.israelpost.co.il/"
"国际小包","Iraq Post (البريد العراقي)","https://post.iq/en/"
"国际小包","Jamaica Post","http://www.jamaicapost.gov.jm/"
"国际小包","Japan Post","https://www.japanpost.jp/"
"国际小包","Jordan Post","http://www.jordanpost.com.jo/"
"国际小包","Kaz Post","https://post.kz/"
"国际小包","Kenya Post","http://www.posta.co.ke/"
"国际小包","Royal Mail","https://www.royalmail.com/"
"国际小包","Parcelforce","https://www.parcelforce.com/"
"国际小包","ePOST (인터넷우체국)","http://www.epost.go.kr/"
"国际小包","ePOST (인터넷우체국)(Domestic)","https://service.epost.go.kr/iservice/usr/trace/usrtrc001k01.jsp"
"国际小包","Posta e Kosovës","http://postakosoves.com/"
"国际小包","Kuwait Post","https://moc.gov.kw/"
"国际小包","Kyrgyz Express Post(KEP)","https://www.kep.kg/"
"国际小包","Enterprise des Poste Lao","http://www.laopost.com.la/"
"国际小包","Enterprise des Poste Lao (APL)","http://www.laopostapl.com/"
"国际小包","Liban Post","http://www.libanpost.com/"
"国际小包","Lesotho Post","http://lesothopost.org.ls/"
"国际小包","Libya Post","http://libyapost.ly/"
"国际小包","PostPlus","http://www.post-plus.net/"
"国际小包","Saint Lucia Post","http://www.stluciapostal.com/"
"国际小包","Macau Post","http://www.macaupost.gov.mo/"
"国际小包","Macedonia Post","https://www.posta.com.mk/"
"国际小包","Paositra Malagasy","https://paositramalagasy.mg/"
"国际小包","Pos Malaysia","http://www.pos.com.my/"
"国际小包","Maldives Post","https://www.maldivespost.com/"
"国际小包","La poste du Mali","http://www.laposte.ml/"
"国际小包","Mauritius Post","http://www.mauritiuspost.mu/"
"国际小包","MailAmericas","http://mailamericas.com/"
"国际小包","Mexico Post","https://www.correosdemexico.gob.mx/"
"国际小包","Mongol Post","http://www.mongolpost.mn/"
"国际小包","Correios de Moçambique","http://www.correios.co.mz/"
"国际小包","Myanmar Post","https://www.myanmarpost.com.mm/"
"国际小包","Namibia Post","http://www.nampost.com.na/"
"国际小包","Nepal Post","http://www.gpo.gov.np/"
"国际小包","NZ Post (New Zealand Post)","http://www.nzpost.co.nz/"
"国际小包","Nicaragua Post","https://www.correos.gob.ni/"
"国际小包","Nigerian Post","https://www.nipost.gov.ng/"
"国际小包","Oman Post","https://omanpost.om/"
"国际小包","Pakistan Post","http://www.pakpost.gov.pk/"
"国际小包","Palestine Post","http://www.palpost.ps/"
"国际小包","Correos Panama","https://www.correospanama.gob.pa/"
"国际小包","Correo Paraguayo","http://www.correoparaguayo.gov.py/"
"国际小包","Serpost","https://www.serpost.com.pe/Cliente/Home/Paginacomercial"
"国际小包","Philippine Post","https://www.phlpost.gov.ph/"
"国际小包","CTT","http://www.ctt.pt/"
"国际小包","Q-Post","https://qatarpost.qa/"
"国际小包","Rwanda Post","http://www.i-posita.rw/"
"国际小包","SVG Post","http://www.svgpost.gov.vc/"
"国际小包","Correo El Salvador","http://www.correos.gob.sv/"
"国际小包","Saudi Post","https://splonline.com.sa/ar/"
"国际小包","La Poste De Senegal","http://www.laposte.sn/"
"国际小包","Seychelles Post","http://www.seychelles-post.com/"
"国际小包","Singapore Post","http://www.singpost.com/"
"国际小包","Solomon Post","http://www.solomonpost.com.sb/"
"国际小包","South Africa Post","https://www.postoffice.co.za/"
"国际小包","Correos Spain","https://www.correos.es/"
"国际小包","Sudan Post","http://sudapost.sd/"
"国际小包","Direct Link","http://www.directlink.com/"
"国际小包","Samoa Post","https://www.samoapost.ws/"
"国际小包","Chunghwa Post","https://ipost.post.gov.tw/"
"国际小包","Tanzania Post","http://www.posta.co.tz/"
"国际小包","Thailand Post","https://www.thailandpost.co.th/"
"国际小包","La Poste De Togo","http://www.laposte.tg/"
"国际小包","Trinidad and Tobago Postal Corporation","http://www.ttpost.net/"
"国际小包","Uganda Post","http://www.ugapost.co.ug/"
"国际小包","Uzbekistan Post","https://uz.post/"
"国际小包","Correo Uruguayo","http://www.correo.com.uy/"
"国际小包","Vanuatu Post","http://www.vanuatupost.vu/"
"国际小包","Ipostel","https://www.ipostel.gob.ve/"
"国际小包","VietNam Post","http://www.vnpost.vn/"
"国际小包","VietNam EMS","https://ems.com.vn/"
"国际小包","Yemen Post","http://www.post.ye/"
"国际小包","Zambia Post","http://www.zampost.com.zm/"
"国际小包","Zimbabwe Post","http://www.zimpost.co.zw/"
"国际小包","General Post Office","http://www.aps.ai/"
"国际小包","Aland Post","http://www.alandpost.ax/"
"国际小包","Aruba Post","http://www.postaruba.com/"
"国际小包","OPT-NC","http://www.opt.nc/"
"海关常用","海关知识产权","http://202.127.48.145:8888/zscq/search/jsp/vBrandSearchIndex.jsp"
"海关常用","IPRS 美国知识产权","https://iprs.cbp.gov/s/"
"海关常用","国家税务总局","https://www.chinatax.gov.cn/"
"海关常用","中国国际贸易单一窗口查询统计","https://swapp.singlewindow.cn/qspserver/sw/qsp/query/view/major"
"海关常用","通关全流程状态查询","https://swapp.singlewindow.cn/qspserver/sw/qsp/query/view/import?title=%E9%80%9A%E5%85%B3%E5%85%A8%E6%B5%81%E7%A8%8B%E7%8A%B6%E6%80%81%E6%9F%A5%E8%AF%A2"
"海关常用","通关状态","http://online.customs.gov.cn/static/pages/mySearch.html"
"海关常用","舱单信息查询","http://query.customs.gov.cn/MNFTQ/MQuery.aspx"
"海关常用","报关归类查询","https://hscode.macld.com/"
"海关常用","贸易单证指南","http://tradedoc.mofcom.gov.cn/TradeDoc/do/dz/tradedoc~1000_1000~0.html"
"海关常用","业务系统","https://e.chinaport.gov.cn/"
"海关常用","UL认证查询","https://productiq.ulprospector.com/zh-cn/search?term"
"海关常用","归类通","https://hs.e-to-china.com.cn/?type=ks"
"海关常用","HS编码查询","https://www.i5a6.com/"
"海关常用","海关编码查询","https://www.5688.cn/hscode/"
"海关常用","通关网","https://www.hscode.net/IntegrateQueries/QueryYS"
"海关常用","关务小二","https://www.guanwuxiaoer.com/"
"海关常用","中国海关编码","http://online.customs.gov.cn/ociswebserver/pages/jckspsl/index.html"
"海关常用","世界HS编码表","https://www.tradeatlas.com/cn"
"海关常用","香港海关编码","https://www.censtatd.gov.hk/tc/index_hs_code.html"
"海关常用","香港海关","https://www.customs.gov.hk/sc/home/index.html"
"海关常用","澳门海关","https://www.customs.gov.mo/gb/index.html"
"海关常用","澳门海关编码","https://www.dsec.gov.mo/EMTS.aspx?lang=zh-MO"
"海关常用","美国海关编码","https://rulings.cbp.gov/home"
"海关常用","美国关税","https://hts.usitc.gov/"
"海关常用","CROSS Customs Rulings Online Search System","https://rulings.cbp.gov/home"
"海关常用","美国关税Schedule B Search","https://uscensus.prod.3ceonline.com/"
"海关常用","美国贸易数据查询DataWeb","https://dataweb.usitc.gov/"
"海关常用","Federal Register","https://www.federalregister.gov/"
"海关常用","Cargo Systems Messaging Service","https://www.cbp.gov/trade/automated/cargo-systems-messaging-service"
"海关常用","USTR","https://ustr.gov/"
"海关常用","US Firms Code List","https://www.cbp.gov/sites/default/files/assets/documents/2023-Jan/FIRMS30%20.TXT"
"海关常用","CBP","https://www.cbp.gov/"
"海关常用","OFAC 实体清单 金融制裁","https://ofac.treasury.gov/"
"海关常用","DOC 管理反倾销 反补贴税","https://www.commerce.gov/"
"海关常用","USITC","https://www.usitc.gov/"
"海关常用","White House","https://www.whitehouse.gov/"
"海关常用","EveryCRSReport","https://www.everycrsreport.com/"
"海关常用","美国海关数据","https://www.importyeti.com/"
"海关常用","查询需提供制造商识别码MID","https://www.trade.gov/data-visualization/us-textile-and-apparel-correlation"
"海关常用","中国关税","http://wmsw.mofcom.gov.cn/wmsw/"
"海关常用","世界关税","https://web.wtocenter.org.tw/tariff/search_byProducts.aspx"
"海关常用","欧盟关税","https://ec.europa.eu/taxation_customs/dds2/taric/taric_consultation.jsp?MeasText=&amp;amp;Lang=en&amp;amp;StartPub=&amp;amp;"
"海关常用","VIES VAT Number Validation","https://ec.europa.eu/taxation_customs/vies/#/vat-validation"
"海关常用","EORI号有效验证","https://ec.europa.eu/taxation_customs/dds2/eos/eori_validation.jsp?Lang=en"
"海关常用","公司EORI号码查询","https://eori-search.com/search/de/+MERCEDES+BENZ+AG+"
"海关常用","公司EORI号码查询","https://vat-lookup.co.uk/verify/vat_check.php/VATNumber/GB473538916/CompanyName/CC+ELECTRONICS+EUROPE+LIMITED"
"海关常用","英国关税","https://www.trade-tariff.service.gov.uk/find_commodity"
"海关常用","加拿大关税","http://www.cbsa-asfc.gc.ca/trade-commerce/tariff-tarif/"
"海关常用","CARM Client Portal","https://ccp-pcc.cbsa-asfc.cloud-nuage.canada.ca/en/homepage"
"海关常用","印度关税1-2","https://www.zauba.com/hs_code_search"
"海关常用","印度关税2-2","https://www.cybex.in/indian-custom-duty/#"
"海关常用","印度海关","https://www.commerce.gov.in/"
"海关常用","印度贸易门户","https://indiantradeportal.in/index.jsp?lang=0"
"海关常用","俄罗斯海关法规","https://www.alta.ru/"
"海关常用","罗马尼亚海关","https://www.anaf.ro"
"海关常用","澳大利亚海关","https://www.abf.gov.au/importing-exporting-and-manufacturing/tariff-classification/current-tariff/schedule-3"
"海关常用","日本海关","https://www.kanzei.or.jp/statistical/tariff/headline/hs1dig/e/1"
"海关常用","挪威海关","https://www.toll.no/en/"
"海关常用","巴西海关","https://www.gov.br/receitafederal/pt-br"
"海关常用","巴西 NCM code","https://www.exportgenius.in/hs-code/brazil/and"
"海关常用","迪拜海关","https://www.dubai.ae/"
"海关常用","泰国海关","https://www.customs.go.th/"
"海关常用","越南海关","https://www.customs.gov.vn/"
"海关常用","沙特税务VAT验证","https://zatca.gov.sa/en/eServices/Pages/TaxpayerLookup.aspx"
"海关常用","刚果金海关","https://douane.gouv.cd/"
"海关常用","韩国海关","https://www.customs.go.kr/english/main.do"
"海关常用","中国台湾海关","https://web.customs.gov.tw/en/"
"海关常用","新加坡海关","https://www.customs.gov.sg/"
"海关常用","马来西亚海关","https://www.customs.gov.my/en/"
"海关常用","印尼海关","https://www.beacukai.go.id/?lang=en"
"海关常用","菲律宾海关","https://customs.gov.ph/"
"海关常用","德国海关","https://www.zoll.de/EN/Home/home_node.html"
"海关常用","法国海关","https://www.douane.gouv.fr/"
"海关常用","荷兰海关","https://www.douane.nl/en/"
"海关常用","意大利海关","https://www.adm.gov.it/portale/en/web/guest/home-english"
"海关常用","西班牙海关","https://sede.agenciatributaria.gob.es/Sede/en_gb/aduanas_.html"
"海关常用","波兰海关","https://www.gov.pl/web/national-revenue-administration"
"海关常用","瑞士海关","https://www.bazg.admin.ch/en"
"海关常用","土耳其海关","https://trade.gov.tr/"
"海关常用","埃及海关","https://customs.gov.eg/"
"海关常用","南非海关","https://www.sars.gov.za/customs-and-excise/"
"海关常用","尼日利亚海关","https://customs.gov.ng/"
"海关常用","肯尼亚海关","https://www.kra.go.ke/"
"海关常用","摩洛哥海关","https://www.douane.gov.ma/web/guest"
"海关常用","以色列海关","https://www.gov.il/en/departments/topics/customs_israel_tax_authority"
"海关常用","墨西哥海关","https://www.anam.gob.mx/"
"海关常用","阿根廷海关","https://www.argentina.gob.ar/arca/aduana"
"海关常用","智利海关","https://www.aduana.cl/"
"海关常用","哥伦比亚海关","https://www.dian.gov.co/"
"海关常用","秘鲁海关","https://www.sunat.gob.pe/aduanas.html"
"海关常用","巴基斯坦海关","https://www.fbr.gov.pk/customs/131167/131271"
"海关常用","孟加拉海关","https://bangladeshcustoms.gov.bd/"
"海关常用","新西兰海关","https://www.customs.govt.nz/"
"海关常用","中国商标局","https://sbj.cnipa.gov.cn/sbj/index.html"
"海关常用","USPTO 专利商标","https://tmsearch.uspto.gov/search/search-information"
"海关常用","WIPO商标查询","https://branddb.wipo.int/zh/"
"海关常用","欧盟商标局EUIPO","https://www.euipo.europa.eu/"
"海关常用","英国知识产权局","https://www.gov.uk/government/organisations/intellectual-property-office"
"海关常用","日本特许厅","https://www.jpo.go.jp/"
"海关常用","中国专利检索","https://pss-system.cponline.cnipa.gov.cn/conventionalSearch"
"海关常用","美国专利局","https://ppubs.uspto.gov/pubwebapp/static/pages/landing.html"
"海关常用","谷歌专利","https://patents.google.com/"
"海关常用","欧洲专利局","https://www.epo.org/en/searching-for-patents"
"海关常用","Espacenet专利检索","https://worldwide.espacenet.com/"
"海关常用","日本J-PlatPat","https://www.j-platpat.inpit.go.jp/"
"海关常用","WIPO外观设计库","https://designdb.wipo.int/"
"海关常用","美国版权局","https://www.copyright.gov/"
"海关常用","世界知识产权组织","https://www.wipo.int/portal/zh/"
"效率工具","新工商名录","https://gongshang.mingluji.com/"
"效率工具","全国各行业产业园区库","https://y.qianzhan.com/system/index/"
"效率工具","香港注册公司查询","https://www.e-services.cr.gov.hk/ICRIS3EP/system/dashboard/e-search.do"
"效率工具","香港公司名单","https://hkg.databasesets.com/zh-hant"
"效率工具","香港春季电子产品展","https://www.hktdc.com/event/hkelectronicsfairse/tc"
"效率工具","WCA","https://www.wcaworld.com/Home"
"效率工具","Google Trends","https://trends.google.com/trends?geo=US&amp;amp;hl=en-US"
"效率工具","360趋势","https://trends.so.com/"
"效率工具","百度指数","https://index.baidu.com/v2/index.html#/"
"效率工具","谷歌地图","https://www.google.com/maps"
"效率工具","谷歌地球","https://www.google.com/maps/d/"
"效率工具","全球机场港口距离","https://www.searates.com/cn/services/distances-time"
"效率工具","骆驼地图","https://www.logsoso.com/mapIndex"
"效率工具","必应地图","https://www.bing.com/maps"
"效率工具","世界地图","http://www.ugucci.com/"
"效率工具","谷歌翻译","https://translate.google.com/"
"效率工具","Deepl翻译","https://www.deepl.com/zh/translator"
"效率工具","PDF文件翻译","https://app.immersivetranslate.com/"
"效率工具","PDF功能","https://smallpdf.com/"
"效率工具","美国地址生成器","https://www.meiguodizhi.com/"
"效率工具","印章","https://33tool.com/seal/"
"效率工具","印章后图片变透明","https://www.aigei.com/bgremover"
"效率工具","数字大写转换","http://daxie.00cha.net/9000.html"
"效率工具","手写字体","https://www.qqxiuzi.cn/zh/shouxie-shufa/"
"效率工具","实时汇率查询","https://www.boc.cn/sourcedb/whpj/"
"效率工具","人民币汇率中间价","http://www.safe.gov.cn/safe/rmbhlzjj/index.html"
"效率工具","图小小","https://www.simpleimageresizer.com/"
"效率工具","Kingsway外贸企业视频","https://cn.kingswayvideo.com/"
"效率工具","美剧窝","https://www.meijuwo.cc/"
"效率工具","爱美剧天堂","https://www.imjtt.com/"
"效率工具","91美剧","https://91mjw.tv"
"效率工具","美剧迷","https://www.meijumi.net/"
"效率工具","TED","https://www.ted.com/"
"效率工具","TED Radio Hour","https://www.npr.org/podcasts/510298/ted-radio-hour"
"效率工具","Planet Money","https://www.npr.org/podcasts/510289/planet-money"
"效率工具","学英语不求人","https://www.englearner.site/cn/index.html"
"效率工具","人人电影","https://www.rrdynb.com/index.html"
"效率工具","中国哲学书电子化计划","https://ctext.org/zhs"
"效率工具","抖音快手去水印","https://dy.kukutool.com/"
"效率工具","Adobe 全家桶","https://www.superso.top/Adobe/"
"效率工具","脑袋瓜子","https://www.naodai.org/"
"效率工具","图片处理","https://arc.tencent.com/zh/ai-demos/faceRestoration"
"效率工具","剪映学习","https://www.capcut.cn/learning"
"效率工具","巨潮资讯","http://www.cninfo.com.cn/new/index"
"效率工具","Remove Paywalls","https://paywallbuster.com/"
"效率工具","ChatPDF","https://www.chatpdf.com/"
"效率工具","双语对照网页翻译插件","https://immersivetranslate.com/zh-Hans/"
"效率工具","AI 通识学习","https://www.datawhale.cn/home"
"效率工具","ChatGPT","https://chatgpt.com/"
"效率工具","Grok","https://grok.com/"
"效率工具","Gemini","https://gemini.google.com/"
"效率工具","Cladue Code","https://claude.ai/"
"效率工具","Cursor","https://cursor.com"
"效率工具","Perplexity","https://www.perplexity.ai/"
"效率工具","Deepseek","https://chat.deepseek.com/"
"效率工具","MD2Card","https://md2card.com/zh"
"效率工具","EpubKit","https://epubkit.app/zh/collections/"
"效率工具","Pagespeed Insights","https://pagespeed.web.dev/"
"打击老赖","人民法院案例库","https://rmfyalk.court.gov.cn/home.html"
"打击老赖","裁判文书网","https://wenshu.court.gov.cn/"
"打击老赖","中国审判流程信息","https://splcgk.court.gov.cn/gzfwww/"
"打击老赖","老赖查询","http://zxgk.court.gov.cn/shixin/"
"打击老赖","企业信用网","https://www.gsxt.gov.cn/index.html"
"打击老赖","信用广东网","https://credit.gd.gov.cn/"
"打击老赖","信用深圳网","https://www.szcredit.org.cn/#/index"
"打击老赖","中国海关企业查询","http://credit.customs.gov.cn/ccppwebserver/pages/ccpp/html/ccppindex.html"
"打击老赖","深圳公司查询","https://amr.sz.gov.cn/outer/entSelect/gs.html"
"打击老赖","跨境小白网","https://kjrate.com/"
"打击老赖","货代如何打官司","https://mp.weixin.qq.com/s/uo3OFGBXzlSnUaGLWCe5Zg"
"打击老赖","货代黑名单","http://www.siffa.org.cn/search.php?keyword=%E9%BB%91%E5%90%8D%E5%8D%95"
"打击老赖","广州互联网法院","https://ols.gzinternetcourt.gov.cn/"
"媒体新闻","货代说","https://lawnwing.com/"
"媒体新闻","货代QA社","https://www.freightqa.com/"
"媒体新闻","百晓网","https://www.kjwlbxs.com/"
"媒体新闻","Supply Chain Dive","https://www.supplychaindive.com/"
"媒体新闻","Reuters","https://www.reuters.com/"
"媒体新闻","CNBC","https://www.cnbc.com/"
"媒体新闻","Freightwaves","https://www.freightwaves.com/"
"媒体新闻","ACW air cargo week","https://www.aircargoweek.com/"
"媒体新闻","国际物流新闻","https://theloadstar.com/"
"媒体新闻","The New York Times","https://www.nytimes.com/"
"媒体新闻","The New York Times Tariffs","https://www.nytimes.com/article/trump-tariffs-canada-mexico-china.html"
"媒体新闻","财富中文网","https://www.fortunechina.com/"
"媒体新闻","CNN","https://www.cnn.com/business"
"媒体新闻","Reddit","https://www.reddit.com/r/popular/"
"媒体新闻","Newsweek","https://www.newsweek.com/"
"媒体新闻","ABD post","https://www.abdpost.com/"
"媒体新闻","NY Post","https://nypost.com/"
"媒体新闻","KTLA 5","https://ktla.com/"
"业务推荐","百运网","https://www.by56.com/"
"业务推荐","百宸达国际","https://www.pst56.com/"
"外贸电商","米课","https://ask.imiker.com/"
"外贸电商","米课老华","https://www.mrhua.net/"
"外贸电商","料神","https://www.liaosam.com/"
"外贸电商","顾小北","https://guxiaobei.com/"
"外贸电商","外贸云课堂","https://waimaoquan.alibaba.com/px"
"外贸电商","福步论坛","https://bbs.fobshanghai.com/"
"外贸电商","邦阅网","https://www.52by.com/"
"外贸电商","龙之向导","https://www.dragon-guide.net/"
"外贸电商","表姐物语","https://www.sohodiary.com/"
"外贸电商","建站笔记","https://www.kiwimore.com/"
"外贸电商","奶爸建站笔记","https://blog.naibabiji.com/"
"外贸电商","回响建站","https://huixiangseo.com/"
"外贸电商","SEO博客","https://www.seozac.com/"
"外贸电商","One小白","https://www.onexiaobai.com/"
"外贸电商","全球开店","https://gs.amazon.cn"
"外贸电商","卖家大学","https://sell.amazon.com/"
"外贸电商","卖家论坛","https://sellercentral.amazon.com/seller-forums"
"外贸电商","亚马逊SPN","https://dev.spn.globalsellingcommunity.cn/discover"
"外贸电商","亿恩网","https://www.ennews.com/"
"外贸电商","AMZ123","https://www.amz123.com/"
"外贸电商","大数跨境","https://www.10100.com/"
"外贸电商","M123","https://www.m123.com/"
"外贸电商","创蓝论坛","https://bbs.ichuanglan.com/forum.php"
"外贸电商","雨果跨境","https://www.cifnews.com/"
"外贸电商","知无不言","https://wearesellers.com/#"
"外贸电商","万花筒跨境","https://www.wahuto.com/"
"外贸电商","店雷达","https://www.dianleida.net/#/?a=e4bcfb70"
"外贸电商","欧洲开店知识库","https://01234567.feishu.cn/wiki/AjBqwyp5yisP60kvNGAchQtSn7b"
"外贸电商","Shopify","https://www.shopify.com/zh"
"外贸电商","店匠Shoplazza","https://www.shoplazza.cn/"
"外贸电商","SHOPYY","https://www.shopyy.com/"
"外贸电商","卖家精灵","https://www.sellersprite.com/"
"外贸电商","Helium 10","https://www.helium10.com/"
"外贸电商","Keyword Tool","https://keywordtool.io/"
"外贸电商","MerchantWords","https://www.merchantwords.com/"
"外贸电商","紫鸟浏览器","https://www.ziniao.com/"
"外贸电商","谷歌商机洞察","https://marketfinder.thinkwithgoogle.com/"
"外贸电商","Kickstarter","https://www.kickstarter.com/"
"外贸电商","Indiegogo","https://www.indiegogo.com/"
"跨境平台","亚马逊美国站","https://www.amazon.com/"
"跨境平台","亚马逊英国站","https://www.amazon.co.uk/"
"跨境平台","亚马逊德国站","https://www.amazon.de/"
"跨境平台","亚马逊法国站","https://www.amazon.fr/"
"跨境平台","亚马逊意大利站","https://www.amazon.it/"
"跨境平台","亚马逊西班牙站","https://www.amazon.es/"
"跨境平台","亚马逊日本站","https://www.amazon.co.jp/"
"跨境平台","亚马逊加拿大站","https://www.amazon.ca/"
"跨境平台","亚马逊澳洲站","https://www.amazon.com.au/"
"跨境平台","亚马逊中东站","https://www.amazon.ae/"
"跨境平台","eBay","https://www.ebay.com/"
"跨境平台","沃尔玛Walmart","https://www.walmart.com/"
"跨境平台","Etsy","https://www.etsy.com/"
"跨境平台","Temu","https://www.temu.com/"
"跨境平台","SHEIN希音","https://www.shein.com/"
"跨境平台","速卖通AliExpress","https://www.aliexpress.com/"
"跨境平台","阿里巴巴国际站","https://www.alibaba.com/"
"跨境平台","敦煌网DHgate","https://www.dhgate.com/"
"跨境平台","Wayfair","https://www.wayfair.com/"
"跨境平台","Shopee虾皮","https://shopee.com/"
"跨境平台","Lazada来赞达","https://www.lazada.com/"
"跨境平台","Coupang酷澎","https://www.coupang.com/"
"跨境平台","Ozon","https://www.ozon.ru/"
"跨境平台","Wildberries","https://www.wildberries.ru/"
"跨境平台","Allegro","https://allegro.pl/"
"跨境平台","OTTO","https://www.otto.de/"
"跨境平台","Cdiscount","https://www.cdiscount.com/"
"跨境平台","Noon","https://www.noon.com/"
"跨境平台","美客多MercadoLibre","https://www.mercadolibre.com/"
"跨境平台","Jumia","https://www.jumia.com.ng/"
"跨境平台","新蛋Newegg","https://www.newegg.com/"
"跨境平台","bol","https://www.bol.com/"
"跨境平台","eMAG","https://www.emag.ro/"
"跨境平台","Hepsiburada","https://www.hepsiburada.com/"
"跨境平台","ManoMano","https://www.manomano.fr/"
"跨境平台","Miravia","https://www.miravia.es/"
"跨境平台","Tokopedia","https://www.tokopedia.com/"
"跨境平台","Mercari煤炉","https://jp.mercari.com/"
"收款支付","寻汇SUNRATE","https://pro.sunrate.com/#/register?inviteCode=VIP66666"
"收款支付","CoGoLinks结行国际","https://cn.cogolinks.com/register?from=crm&amp;invitateCode=SXF7543"
"收款支付","万里汇WorldFirst","https://www.worldfirst.com.cn/"
"收款支付","PingPong","https://www.pingpongx.com/"
"收款支付","Payoneer派安盈","https://www.payoneer.com/zh/"
"收款支付","Airwallex空中云汇","https://www.airwallex.com/cn"
"收款支付","连连国际","https://global.lianlianpay.com/"
"收款支付","PayPal","https://www.paypal.com/"
"收款支付","Stripe","https://stripe.com/"
"收款支付","货代导航网","https://huodaiagent.com/"
"收款支付","货代服务商","https://www.forwarderspn.com/"
"收款支付","货代地图","https://map.huodaiagent.com/"
"收款支付","货代知识库","https://get.huodaiagent.com/"
"收款支付","56calls","https://www.56calls.com/"
"收款支付","税金代付","https://payduty.huodaiagent.com/"
"收款支付","货代群","https://forwarder-group.huodaiagent.com/"
"收款支付","货币兑换","https://currency-exchange.huodaiagent.com/"
"收款支付","MID生成器","https://mid.huodaiagent.com/"